"Categoría [Category]";"Producto [Product]";"Clasificar orden de productos de una categoría [Position]";"Clasificar orden de las categorías para un producto [PositionCategory]"
Categories/GAMING/TORRES_GAMING;1002;10;20
Categories/GAMING/TORRES_GAMING;1003;20;20
Categories/GAMING/TORRES_GAMING;1004;30;20
Categories/GAMING/TORRES_GAMING;1005;40;20
Categories/GAMING/TORRES_GAMING;1006;50;10
Categories/GAMING/TORRES_GAMING;1007;60;10
Categories/GAMING/TORRES_GAMING;1008;70;10
Categories/GAMING/TORRES_GAMING;1009;80;10
Categories/GAMING/TORRES_GAMING;1010;90;10
Categories/GAMING/TORRES_GAMING;1011;100;10
Categories/GAMING/TORRES_GAMING;1012;110;10
Categories/GAMING/TORRES_GAMING;1013;120;10
Categories/GAMING/TORRES_GAMING;1014;130;10
Categories/GAMING/TORRES_GAMING;1015;140;10
Categories/GAMING/TORRES_GAMING;1016;150;10
Categories/GAMING/TORRES_GAMING;1017;160;10
Categories/GAMING/TORRES_GAMING;1018;170;10
Categories/GAMING/TORRES_GAMING;1019;180;10
Categories/GAMING/TORRES_GAMING;1020;190;10
Categories/GAMING/TORRES_GAMING;1021;200;10
Categories/GAMING/TORRES_GAMING;1022;210;10
Categories/GAMING/TORRES_GAMING;1023;220;10
Categories/GAMING/TORRES_GAMING;1024;230;10
Categories/GAMING/TORRES_GAMING/INTEL;1002;10;10
Categories/GAMING/TORRES_GAMING/INTEL;1004;20;10
Categories/GAMING/TORRES_GAMING/INTEL;1006;30;20
Categories/GAMING/TORRES_GAMING/INTEL;1008;40;20
Categories/GAMING/TORRES_GAMING/INTEL;1010;50;20
Categories/GAMING/TORRES_GAMING/INTEL;1012;60;20
Categories/GAMING/TORRES_GAMING/INTEL;1014;70;20
Categories/GAMING/TORRES_GAMING/INTEL;1017;80;20
Categories/GAMING/TORRES_GAMING/INTEL;1019;90;20
Categories/GAMING/TORRES_GAMING/INTEL;1021;100;20
Categories/GAMING/TORRES_GAMING/INTEL;1023;110;20
Categories/GAMING/TORRES_GAMING/AMD;1003;10;10
Categories/GAMING/TORRES_GAMING/AMD;1005;20;10
Categories/GAMING/TORRES_GAMING/AMD;1007;30;20
Categories/GAMING/TORRES_GAMING/AMD;1009;40;20
Categories/GAMING/TORRES_GAMING/AMD;1011;50;20
Categories/GAMING/TORRES_GAMING/AMD;1013;60;20
Categories/GAMING/TORRES_GAMING/AMD;1015;70;20
Categories/GAMING/TORRES_GAMING/AMD;1016;80;20
Categories/GAMING/TORRES_GAMING/AMD;1018;90;20
Categories/GAMING/TORRES_GAMING/AMD;1022;100;20
Categories/GAMING/TORRES_GAMING/AMD;1024;110;20
Categories/GAMING/TORRES_GAMING/AMD;1020;120;20
Categories/GAMING/PERIFERICOS_GAMING;9502;10;10
Categories/GAMING/PERIFERICOS_GAMING;16414;10;10
Categories/GAMING/PERIFERICOS_GAMING;20490;10;10
Categories/GAMING/PERIFERICOS_GAMING;20546;10;10
Categories/GAMING/PERIFERICOS_GAMING;20547;10;10
Categories/GAMING/PERIFERICOS_GAMING;20678;10;10
Categories/GAMING/PERIFERICOS_GAMING;21902;10;10
Categories/GAMING/PERIFERICOS_GAMING;21997;10;10
Categories/GAMING/PERIFERICOS_GAMING;22127;10;10
Categories/GAMING/PERIFERICOS_GAMING;22277;10;10
Categories/GAMING/PERIFERICOS_GAMING;22365;10;10
Categories/GAMING/PERIFERICOS_GAMING;22595;10;10
Categories/GAMING/PERIFERICOS_GAMING;22625;10;10
Categories/GAMING/PERIFERICOS_GAMING;22942;10;10
Categories/GAMING/PERIFERICOS_GAMING;23476;10;10
Categories/GAMING/PERIFERICOS_GAMING;23615;10;10
Categories/GAMING/PERIFERICOS_GAMING;23624;10;10
Categories/GAMING/PERIFERICOS_GAMING;24126;10;10
Categories/GAMING/PERIFERICOS_GAMING;24208;10;10
Categories/GAMING/PERIFERICOS_GAMING;24245;10;10
Categories/GAMING/PERIFERICOS_GAMING;24391;10;10
Categories/GAMING/PERIFERICOS_GAMING;25505;10;10
Categories/GAMING/PERIFERICOS_GAMING;25650;10;10
Categories/GAMING/PERIFERICOS_GAMING;25651;10;10
Categories/GAMING/PERIFERICOS_GAMING;26305;10;10
Categories/GAMING/PERIFERICOS_GAMING;26850;10;10
Categories/GAMING/PERIFERICOS_GAMING;27019;10;10
Categories/GAMING/PERIFERICOS_GAMING;27022;10;10
Categories/GAMING/PERIFERICOS_GAMING;27373;10;10
Categories/GAMING/PERIFERICOS_GAMING;27377;10;10
Categories/GAMING/PERIFERICOS_GAMING;27660;10;10
Categories/GAMING/PERIFERICOS_GAMING;27661;10;10
Categories/GAMING/PERIFERICOS_GAMING;27692;10;10
Categories/GAMING/PERIFERICOS_GAMING;27769;10;10
Categories/GAMING/PERIFERICOS_GAMING;28383;10;10
Categories/GAMING/PERIFERICOS_GAMING;28384;10;10
Categories/GAMING/PERIFERICOS_GAMING;28386;10;10
Categories/GAMING/PERIFERICOS_GAMING;28387;10;10
Categories/GAMING/PERIFERICOS_GAMING;28388;10;10
Categories/GAMING/PERIFERICOS_GAMING;28389;10;10
Categories/GAMING/PERIFERICOS_GAMING;28390;10;10
Categories/GAMING/PERIFERICOS_GAMING;28391;10;10
Categories/GAMING/PERIFERICOS_GAMING;28392;10;10
Categories/GAMING/PERIFERICOS_GAMING;28630;10;10
Categories/GAMING/PERIFERICOS_GAMING;28831;10;10
Categories/GAMING/PERIFERICOS_GAMING;28832;10;10
Categories/GAMING/PERIFERICOS_GAMING;28833;10;10
Categories/GAMING/PERIFERICOS_GAMING;28834;10;10
Categories/GAMING/PERIFERICOS_GAMING;28835;10;10
Categories/GAMING/PERIFERICOS_GAMING;28836;10;10
Categories/GAMING/PERIFERICOS_GAMING;29016;10;10
Categories/GAMING/PERIFERICOS_GAMING;29017;10;10
Categories/GAMING/PERIFERICOS_GAMING;29658;10;10
Categories/GAMING/PERIFERICOS_GAMING;29659;10;10
Categories/GAMING/PERIFERICOS_GAMING;29661;10;10
Categories/GAMING/PERIFERICOS_GAMING;29662;10;10
Categories/GAMING/PERIFERICOS_GAMING;29665;10;10
Categories/GAMING/PERIFERICOS_GAMING;29905;10;10
Categories/GAMING/PERIFERICOS_GAMING;29928;10;10
Categories/GAMING/PERIFERICOS_GAMING;30044;10;10
Categories/GAMING/PERIFERICOS_GAMING;30071;10;10
Categories/GAMING/PERIFERICOS_GAMING;30201;10;10
Categories/GAMING/PERIFERICOS_GAMING;30202;10;10
Categories/GAMING/PERIFERICOS_GAMING;30277;10;10
Categories/GAMING/PERIFERICOS_GAMING;30279;10;10
Categories/GAMING/PERIFERICOS_GAMING;30341;10;10
Categories/GAMING/PERIFERICOS_GAMING;30576;10;10
Categories/GAMING/PERIFERICOS_GAMING;30736;10;10
Categories/GAMING/PERIFERICOS_GAMING;30802;10;10
Categories/GAMING/PERIFERICOS_GAMING;30883;10;10
Categories/GAMING/PERIFERICOS_GAMING;30884;10;10
Categories/GAMING/PERIFERICOS_GAMING;30962;10;10
Categories/GAMING/PERIFERICOS_GAMING;30963;10;10
Categories/GAMING/PERIFERICOS_GAMING;30964;10;10
Categories/GAMING/PERIFERICOS_GAMING;31193;10;10
Categories/GAMING/PERIFERICOS_GAMING;31355;10;10
Categories/GAMING/PERIFERICOS_GAMING;31819;10;10
Categories/GAMING/PERIFERICOS_GAMING;32284;10;10
Categories/GAMING/PERIFERICOS_GAMING;32359;10;10
Categories/GAMING/PERIFERICOS_GAMING;32380;10;10
Categories/GAMING/PERIFERICOS_GAMING;32381;10;10
Categories/GAMING/PERIFERICOS_GAMING;32459;10;10
Categories/GAMING/PERIFERICOS_GAMING;32460;10;10
Categories/GAMING/PERIFERICOS_GAMING;32461;10;10
Categories/GAMING/PERIFERICOS_GAMING;32462;10;10
Categories/GAMING/PERIFERICOS_GAMING;32463;10;10
Categories/GAMING/PERIFERICOS_GAMING;32464;10;10
Categories/GAMING/PERIFERICOS_GAMING;32544;10;10
Categories/GAMING/PERIFERICOS_GAMING;32548;10;10
Categories/GAMING/PERIFERICOS_GAMING;32549;10;10
Categories/GAMING/PERIFERICOS_GAMING;32612;10;10
Categories/GAMING/PERIFERICOS_GAMING;32746;10;10
Categories/GAMING/PERIFERICOS_GAMING;32756;10;10
Categories/GAMING/PERIFERICOS_GAMING;32757;10;10
Categories/GAMING/PERIFERICOS_GAMING;32758;10;10
Categories/GAMING/PERIFERICOS_GAMING;32759;10;10
Categories/GAMING/PERIFERICOS_GAMING;32760;10;10
Categories/GAMING/PERIFERICOS_GAMING;32761;10;10
Categories/GAMING/PERIFERICOS_GAMING;32762;10;10
Categories/GAMING/PERIFERICOS_GAMING;33178;10;10
Categories/GAMING/PERIFERICOS_GAMING;33179;10;10
Categories/GAMING/PERIFERICOS_GAMING;33180;10;10
Categories/GAMING/PERIFERICOS_GAMING;33205;10;10
Categories/GAMING/PERIFERICOS_GAMING;33314;10;10
Categories/GAMING/PERIFERICOS_GAMING;33315;10;10
Categories/GAMING/PERIFERICOS_GAMING;33316;10;10
Categories/GAMING/PERIFERICOS_GAMING;33379;10;10
Categories/GAMING/PERIFERICOS_GAMING;33380;10;10
Categories/GAMING/PERIFERICOS_GAMING;33381;10;10
Categories/GAMING/PERIFERICOS_GAMING;33382;10;10
Categories/GAMING/PERIFERICOS_GAMING;33383;10;10
Categories/GAMING/PERIFERICOS_GAMING;33384;10;10
Categories/GAMING/PERIFERICOS_GAMING;33385;10;10
Categories/GAMING/PERIFERICOS_GAMING;33386;10;10
Categories/GAMING/PERIFERICOS_GAMING;33387;10;10
Categories/GAMING/PERIFERICOS_GAMING;33388;10;10
Categories/GAMING/PERIFERICOS_GAMING;33389;10;10
Categories/GAMING/PERIFERICOS_GAMING;33390;10;10
Categories/GAMING/PERIFERICOS_GAMING;33599;10;10
Categories/GAMING/PERIFERICOS_GAMING;33600;10;10
Categories/GAMING/PERIFERICOS_GAMING;33601;10;10
Categories/GAMING/PERIFERICOS_GAMING;33602;10;10
Categories/GAMING/PERIFERICOS_GAMING;33748;10;10
Categories/GAMING/PERIFERICOS_GAMING;33769;10;10
Categories/GAMING/PERIFERICOS_GAMING;34054;10;10
Categories/GAMING/PERIFERICOS_GAMING;34057;10;10
Categories/GAMING/PERIFERICOS_GAMING;34119;10;10
Categories/GAMING/PERIFERICOS_GAMING;34120;10;10
Categories/GAMING/PERIFERICOS_GAMING;34121;10;10
Categories/GAMING/PERIFERICOS_GAMING;34122;10;10
Categories/GAMING/PERIFERICOS_GAMING;34123;10;10
Categories/GAMING/PERIFERICOS_GAMING;34124;10;10
Categories/GAMING/PERIFERICOS_GAMING;34125;10;10
Categories/GAMING/PERIFERICOS_GAMING;34126;10;10
Categories/GAMING/PERIFERICOS_GAMING;34127;10;10
Categories/GAMING/PERIFERICOS_GAMING;34128;10;10
Categories/GAMING/PERIFERICOS_GAMING;34247;10;10
Categories/GAMING/PERIFERICOS_GAMING;34252;10;10
Categories/GAMING/PERIFERICOS_GAMING;34254;10;10
Categories/GAMING/PERIFERICOS_GAMING;34260;10;10
Categories/GAMING/PERIFERICOS_GAMING;34633;10;10
Categories/GAMING/PERIFERICOS_GAMING;34635;10;10
Categories/GAMING/PERIFERICOS_GAMING;34636;10;10
Categories/GAMING/PERIFERICOS_GAMING;34643;10;10
Categories/GAMING/PERIFERICOS_GAMING;34644;10;10
Categories/GAMING/PERIFERICOS_GAMING;34645;10;10
Categories/GAMING/PERIFERICOS_GAMING;34646;10;10
Categories/GAMING/PERIFERICOS_GAMING;34647;10;10
Categories/GAMING/PERIFERICOS_GAMING;34648;10;10
Categories/GAMING/PERIFERICOS_GAMING;34649;10;10
Categories/GAMING/PERIFERICOS_GAMING;34734;10;10
Categories/GAMING/PERIFERICOS_GAMING;34735;10;10
Categories/GAMING/PERIFERICOS_GAMING;34736;10;10
Categories/GAMING/PERIFERICOS_GAMING;34779;10;10
Categories/GAMING/PERIFERICOS_GAMING;34780;10;10
Categories/GAMING/PERIFERICOS_GAMING;34783;10;10
Categories/GAMING/PERIFERICOS_GAMING;34784;10;10
Categories/GAMING/PERIFERICOS_GAMING;34855;10;10
Categories/GAMING/PERIFERICOS_GAMING;34856;10;10
Categories/GAMING/PERIFERICOS_GAMING;8962;10;10
Categories/GAMING/PERIFERICOS_GAMING;8965;10;10
Categories/GAMING/PERIFERICOS_GAMING;13113;10;10
Categories/GAMING/PERIFERICOS_GAMING;14150;10;10
Categories/GAMING/PERIFERICOS_GAMING;14151;10;10
Categories/GAMING/PERIFERICOS_GAMING;15488;10;10
Categories/GAMING/PERIFERICOS_GAMING;18528;10;10
Categories/GAMING/PERIFERICOS_GAMING;18529;10;10
Categories/GAMING/PERIFERICOS_GAMING;19460;10;10
Categories/GAMING/PERIFERICOS_GAMING;19553;10;10
Categories/GAMING/PERIFERICOS_GAMING;19554;10;10
Categories/GAMING/PERIFERICOS_GAMING;19555;10;10
Categories/GAMING/PERIFERICOS_GAMING;19556;10;10
Categories/GAMING/PERIFERICOS_GAMING;19557;10;10
Categories/GAMING/PERIFERICOS_GAMING;19558;10;10
Categories/GAMING/PERIFERICOS_GAMING;19654;10;10
Categories/GAMING/PERIFERICOS_GAMING;19681;10;10
Categories/GAMING/PERIFERICOS_GAMING;19682;10;10
Categories/GAMING/PERIFERICOS_GAMING;19792;10;10
Categories/GAMING/PERIFERICOS_GAMING;20306;10;10
Categories/GAMING/PERIFERICOS_GAMING;20399;10;10
Categories/GAMING/PERIFERICOS_GAMING;20580;10;10
Categories/GAMING/PERIFERICOS_GAMING;20581;10;10
Categories/GAMING/PERIFERICOS_GAMING;20781;10;10
Categories/GAMING/PERIFERICOS_GAMING;20782;10;10
Categories/GAMING/PERIFERICOS_GAMING;20808;10;10
Categories/GAMING/PERIFERICOS_GAMING;20942;10;10
Categories/GAMING/PERIFERICOS_GAMING;21084;10;10
Categories/GAMING/PERIFERICOS_GAMING;21494;10;10
Categories/GAMING/PERIFERICOS_GAMING;21645;10;10
Categories/GAMING/PERIFERICOS_GAMING;21646;10;10
Categories/GAMING/PERIFERICOS_GAMING;21647;10;10
Categories/GAMING/PERIFERICOS_GAMING;21991;10;10
Categories/GAMING/PERIFERICOS_GAMING;21992;10;10
Categories/GAMING/PERIFERICOS_GAMING;21995;10;10
Categories/GAMING/PERIFERICOS_GAMING;22520;10;10
Categories/GAMING/PERIFERICOS_GAMING;22586;10;10
Categories/GAMING/PERIFERICOS_GAMING;23616;10;10
Categories/GAMING/PERIFERICOS_GAMING;23850;10;10
Categories/GAMING/PERIFERICOS_GAMING;23851;10;10
Categories/GAMING/PERIFERICOS_GAMING;23852;10;10
Categories/GAMING/PERIFERICOS_GAMING;24392;10;10
Categories/GAMING/PERIFERICOS_GAMING;24600;10;10
Categories/GAMING/PERIFERICOS_GAMING;24605;10;10
Categories/GAMING/PERIFERICOS_GAMING;25403;10;10
Categories/GAMING/PERIFERICOS_GAMING;25408;10;10
Categories/GAMING/PERIFERICOS_GAMING;25741;10;10
Categories/GAMING/PERIFERICOS_GAMING;25818;10;10
Categories/GAMING/PERIFERICOS_GAMING;26051;10;10
Categories/GAMING/PERIFERICOS_GAMING;26052;10;10
Categories/GAMING/PERIFERICOS_GAMING;26057;10;10
Categories/GAMING/PERIFERICOS_GAMING;26374;10;10
Categories/GAMING/PERIFERICOS_GAMING;27221;10;10
Categories/GAMING/PERIFERICOS_GAMING;27369;10;10
Categories/GAMING/PERIFERICOS_GAMING;27370;10;10
Categories/GAMING/PERIFERICOS_GAMING;27372;10;10
Categories/GAMING/PERIFERICOS_GAMING;27615;10;10
Categories/GAMING/PERIFERICOS_GAMING;27782;10;10
Categories/GAMING/PERIFERICOS_GAMING;27907;10;10
Categories/GAMING/PERIFERICOS_GAMING;28006;10;10
Categories/GAMING/PERIFERICOS_GAMING;28007;10;10
Categories/GAMING/PERIFERICOS_GAMING;28008;10;10
Categories/GAMING/PERIFERICOS_GAMING;28296;10;10
Categories/GAMING/PERIFERICOS_GAMING;28345;10;10
Categories/GAMING/PERIFERICOS_GAMING;28346;10;10
Categories/GAMING/PERIFERICOS_GAMING;28347;10;10
Categories/GAMING/PERIFERICOS_GAMING;28348;10;10
Categories/GAMING/PERIFERICOS_GAMING;28397;10;10
Categories/GAMING/PERIFERICOS_GAMING;28404;10;10
Categories/GAMING/PERIFERICOS_GAMING;28405;10;10
Categories/GAMING/PERIFERICOS_GAMING;28408;10;10
Categories/GAMING/PERIFERICOS_GAMING;28409;10;10
Categories/GAMING/PERIFERICOS_GAMING;28620;10;10
Categories/GAMING/PERIFERICOS_GAMING;28706;10;10
Categories/GAMING/PERIFERICOS_GAMING;28874;10;10
Categories/GAMING/PERIFERICOS_GAMING;28875;10;10
Categories/GAMING/PERIFERICOS_GAMING;29012;10;10
Categories/GAMING/PERIFERICOS_GAMING;29014;10;10
Categories/GAMING/PERIFERICOS_GAMING;29660;10;10
Categories/GAMING/PERIFERICOS_GAMING;29663;10;10
Categories/GAMING/PERIFERICOS_GAMING;29664;10;10
Categories/GAMING/PERIFERICOS_GAMING;29705;10;10
Categories/GAMING/PERIFERICOS_GAMING;29706;10;10
Categories/GAMING/PERIFERICOS_GAMING;29740;10;10
Categories/GAMING/PERIFERICOS_GAMING;29741;10;10
Categories/GAMING/PERIFERICOS_GAMING;30069;10;10
Categories/GAMING/PERIFERICOS_GAMING;30076;10;10
Categories/GAMING/PERIFERICOS_GAMING;30077;10;10
Categories/GAMING/PERIFERICOS_GAMING;30204;10;10
Categories/GAMING/PERIFERICOS_GAMING;30271;10;10
Categories/GAMING/PERIFERICOS_GAMING;30275;10;10
Categories/GAMING/PERIFERICOS_GAMING;30572;10;10
Categories/GAMING/PERIFERICOS_GAMING;30573;10;10
Categories/GAMING/PERIFERICOS_GAMING;30909;10;10
Categories/GAMING/PERIFERICOS_GAMING;31194;10;10
Categories/GAMING/PERIFERICOS_GAMING;31249;10;10
Categories/GAMING/PERIFERICOS_GAMING;31250;10;10
Categories/GAMING/PERIFERICOS_GAMING;31251;10;10
Categories/GAMING/PERIFERICOS_GAMING;31252;10;10
Categories/GAMING/PERIFERICOS_GAMING;31253;10;10
Categories/GAMING/PERIFERICOS_GAMING;31254;10;10
Categories/GAMING/PERIFERICOS_GAMING;31339;10;10
Categories/GAMING/PERIFERICOS_GAMING;31341;10;10
Categories/GAMING/PERIFERICOS_GAMING;31343;10;10
Categories/GAMING/PERIFERICOS_GAMING;31515;10;10
Categories/GAMING/PERIFERICOS_GAMING;31551;10;10
Categories/GAMING/PERIFERICOS_GAMING;31552;10;10
Categories/GAMING/PERIFERICOS_GAMING;31553;10;10
Categories/GAMING/PERIFERICOS_GAMING;31562;10;10
Categories/GAMING/PERIFERICOS_GAMING;31816;10;10
Categories/GAMING/PERIFERICOS_GAMING;31817;10;10
Categories/GAMING/PERIFERICOS_GAMING;31818;10;10
Categories/GAMING/PERIFERICOS_GAMING;31835;10;10
Categories/GAMING/PERIFERICOS_GAMING;31836;10;10
Categories/GAMING/PERIFERICOS_GAMING;31906;10;10
Categories/GAMING/PERIFERICOS_GAMING;31908;10;10
Categories/GAMING/PERIFERICOS_GAMING;31909;10;10
Categories/GAMING/PERIFERICOS_GAMING;31910;10;10
Categories/GAMING/PERIFERICOS_GAMING;31911;10;10
Categories/GAMING/PERIFERICOS_GAMING;31912;10;10
Categories/GAMING/PERIFERICOS_GAMING;31913;10;10
Categories/GAMING/PERIFERICOS_GAMING;31931;10;10
Categories/GAMING/PERIFERICOS_GAMING;31932;10;10
Categories/GAMING/PERIFERICOS_GAMING;31934;10;10
Categories/GAMING/PERIFERICOS_GAMING;31935;10;10
Categories/GAMING/PERIFERICOS_GAMING;31936;10;10
Categories/GAMING/PERIFERICOS_GAMING;32261;10;10
Categories/GAMING/PERIFERICOS_GAMING;32348;10;10
Categories/GAMING/PERIFERICOS_GAMING;32349;10;10
Categories/GAMING/PERIFERICOS_GAMING;32355;10;10
Categories/GAMING/PERIFERICOS_GAMING;32400;10;10
Categories/GAMING/PERIFERICOS_GAMING;32550;10;10
Categories/GAMING/PERIFERICOS_GAMING;32609;10;10
Categories/GAMING/PERIFERICOS_GAMING;32610;10;10
Categories/GAMING/PERIFERICOS_GAMING;32611;10;10
Categories/GAMING/PERIFERICOS_GAMING;32744;10;10
Categories/GAMING/PERIFERICOS_GAMING;32745;10;10
Categories/GAMING/PERIFERICOS_GAMING;32886;10;10
Categories/GAMING/PERIFERICOS_GAMING;32887;10;10
Categories/GAMING/PERIFERICOS_GAMING;33101;10;10
Categories/GAMING/PERIFERICOS_GAMING;33323;10;10
Categories/GAMING/PERIFERICOS_GAMING;33453;10;10
Categories/GAMING/PERIFERICOS_GAMING;33454;10;10
Categories/GAMING/PERIFERICOS_GAMING;33455;10;10
Categories/GAMING/PERIFERICOS_GAMING;33456;10;10
Categories/GAMING/PERIFERICOS_GAMING;33457;10;10
Categories/GAMING/PERIFERICOS_GAMING;33458;10;10
Categories/GAMING/PERIFERICOS_GAMING;33459;10;10
Categories/GAMING/PERIFERICOS_GAMING;33461;10;10
Categories/GAMING/PERIFERICOS_GAMING;33462;10;10
Categories/GAMING/PERIFERICOS_GAMING;33640;10;10
Categories/GAMING/PERIFERICOS_GAMING;33952;10;10
Categories/GAMING/PERIFERICOS_GAMING;33953;10;10
Categories/GAMING/PERIFERICOS_GAMING;33954;10;10
Categories/GAMING/PERIFERICOS_GAMING;34055;10;10
Categories/GAMING/PERIFERICOS_GAMING;34129;10;10
Categories/GAMING/PERIFERICOS_GAMING;34130;10;10
Categories/GAMING/PERIFERICOS_GAMING;34131;10;10
Categories/GAMING/PERIFERICOS_GAMING;34132;10;10
Categories/GAMING/PERIFERICOS_GAMING;34255;10;10
Categories/GAMING/PERIFERICOS_GAMING;34256;10;10
Categories/GAMING/PERIFERICOS_GAMING;34261;10;10
Categories/GAMING/PERIFERICOS_GAMING;34262;10;10
Categories/GAMING/PERIFERICOS_GAMING;34289;10;10
Categories/GAMING/PERIFERICOS_GAMING;34290;10;10
Categories/GAMING/PERIFERICOS_GAMING;34291;10;10
Categories/GAMING/PERIFERICOS_GAMING;34292;10;10
Categories/GAMING/PERIFERICOS_GAMING;34293;10;10
Categories/GAMING/PERIFERICOS_GAMING;34294;10;10
Categories/GAMING/PERIFERICOS_GAMING;34295;10;10
Categories/GAMING/PERIFERICOS_GAMING;34296;10;10
Categories/GAMING/PERIFERICOS_GAMING;34298;10;10
Categories/GAMING/PERIFERICOS_GAMING;34300;10;10
Categories/GAMING/PERIFERICOS_GAMING;34301;10;10
Categories/GAMING/PERIFERICOS_GAMING;34302;10;10
Categories/GAMING/PERIFERICOS_GAMING;34304;10;10
Categories/GAMING/PERIFERICOS_GAMING;34305;10;10
Categories/GAMING/PERIFERICOS_GAMING;34314;10;10
Categories/GAMING/PERIFERICOS_GAMING;34339;10;10
Categories/GAMING/PERIFERICOS_GAMING;34399;10;10
Categories/GAMING/PERIFERICOS_GAMING;34414;10;10
Categories/GAMING/PERIFERICOS_GAMING;34415;10;10
Categories/GAMING/PERIFERICOS_GAMING;34617;10;10
Categories/GAMING/PERIFERICOS_GAMING;34618;10;10
Categories/GAMING/PERIFERICOS_GAMING;34619;10;10
Categories/GAMING/PERIFERICOS_GAMING;34620;10;10
Categories/GAMING/PERIFERICOS_GAMING;34621;10;10
Categories/GAMING/PERIFERICOS_GAMING;34622;10;10
Categories/GAMING/PERIFERICOS_GAMING;34623;10;10
Categories/GAMING/PERIFERICOS_GAMING;34624;10;10
Categories/GAMING/PERIFERICOS_GAMING;34627;10;10
Categories/GAMING/PERIFERICOS_GAMING;34629;10;10
Categories/GAMING/PERIFERICOS_GAMING;34630;10;10
Categories/GAMING/PERIFERICOS_GAMING;34681;10;10
Categories/GAMING/PERIFERICOS_GAMING;34737;10;10
Categories/GAMING/PERIFERICOS_GAMING;34738;10;10
Categories/GAMING/PERIFERICOS_GAMING;13079;10;10
Categories/GAMING/PERIFERICOS_GAMING;13456;10;10
Categories/GAMING/PERIFERICOS_GAMING;13458;10;10
Categories/GAMING/PERIFERICOS_GAMING;13547;10;10
Categories/GAMING/PERIFERICOS_GAMING;15196;10;10
Categories/GAMING/PERIFERICOS_GAMING;18124;10;10
Categories/GAMING/PERIFERICOS_GAMING;18921;10;10
Categories/GAMING/PERIFERICOS_GAMING;19537;10;10
Categories/GAMING/PERIFERICOS_GAMING;19566;10;10
Categories/GAMING/PERIFERICOS_GAMING;19574;10;10
Categories/GAMING/PERIFERICOS_GAMING;19575;10;10
Categories/GAMING/PERIFERICOS_GAMING;20194;10;10
Categories/GAMING/PERIFERICOS_GAMING;21089;10;10
Categories/GAMING/PERIFERICOS_GAMING;21585;10;10
Categories/GAMING/PERIFERICOS_GAMING;22450;10;10
Categories/GAMING/PERIFERICOS_GAMING;23120;10;10
Categories/GAMING/PERIFERICOS_GAMING;23121;10;10
Categories/GAMING/PERIFERICOS_GAMING;23968;10;10
Categories/GAMING/PERIFERICOS_GAMING;23969;10;10
Categories/GAMING/PERIFERICOS_GAMING;24591;10;10
Categories/GAMING/PERIFERICOS_GAMING;24829;10;10
Categories/GAMING/PERIFERICOS_GAMING;24830;10;10
Categories/GAMING/PERIFERICOS_GAMING;24831;10;10
Categories/GAMING/PERIFERICOS_GAMING;24832;10;10
Categories/GAMING/PERIFERICOS_GAMING;24833;10;10
Categories/GAMING/PERIFERICOS_GAMING;24836;10;10
Categories/GAMING/PERIFERICOS_GAMING;24837;10;10
Categories/GAMING/PERIFERICOS_GAMING;24838;10;10
Categories/GAMING/PERIFERICOS_GAMING;24839;10;10
Categories/GAMING/PERIFERICOS_GAMING;24840;10;10
Categories/GAMING/PERIFERICOS_GAMING;24841;10;10
Categories/GAMING/PERIFERICOS_GAMING;24846;10;10
Categories/GAMING/PERIFERICOS_GAMING;24900;10;10
Categories/GAMING/PERIFERICOS_GAMING;25118;10;10
Categories/GAMING/PERIFERICOS_GAMING;25119;10;10
Categories/GAMING/PERIFERICOS_GAMING;25120;10;10
Categories/GAMING/PERIFERICOS_GAMING;25163;10;10
Categories/GAMING/PERIFERICOS_GAMING;25491;10;10
Categories/GAMING/PERIFERICOS_GAMING;25828;10;10
Categories/GAMING/PERIFERICOS_GAMING;25835;10;10
Categories/GAMING/PERIFERICOS_GAMING;26121;10;10
Categories/GAMING/PERIFERICOS_GAMING;26730;10;10
Categories/GAMING/PERIFERICOS_GAMING;26731;10;10
Categories/GAMING/PERIFERICOS_GAMING;26732;10;10
Categories/GAMING/PERIFERICOS_GAMING;26733;10;10
Categories/GAMING/PERIFERICOS_GAMING;26734;10;10
Categories/GAMING/PERIFERICOS_GAMING;26735;10;10
Categories/GAMING/PERIFERICOS_GAMING;27004;10;10
Categories/GAMING/PERIFERICOS_GAMING;27005;10;10
Categories/GAMING/PERIFERICOS_GAMING;27029;10;10
Categories/GAMING/PERIFERICOS_GAMING;27038;10;10
Categories/GAMING/PERIFERICOS_GAMING;27039;10;10
Categories/GAMING/PERIFERICOS_GAMING;27040;10;10
Categories/GAMING/PERIFERICOS_GAMING;27117;10;10
Categories/GAMING/PERIFERICOS_GAMING;27613;10;10
Categories/GAMING/PERIFERICOS_GAMING;27628;10;10
Categories/GAMING/PERIFERICOS_GAMING;27932;10;10
Categories/GAMING/PERIFERICOS_GAMING;28043;10;10
Categories/GAMING/PERIFERICOS_GAMING;28055;10;10
Categories/GAMING/PERIFERICOS_GAMING;28056;10;10
Categories/GAMING/PERIFERICOS_GAMING;28058;10;10
Categories/GAMING/PERIFERICOS_GAMING;28106;10;10
Categories/GAMING/PERIFERICOS_GAMING;28497;10;10
Categories/GAMING/PERIFERICOS_GAMING;28865;10;10
Categories/GAMING/PERIFERICOS_GAMING;29081;10;10
Categories/GAMING/PERIFERICOS_GAMING;29087;10;10
Categories/GAMING/PERIFERICOS_GAMING;29224;10;10
Categories/GAMING/PERIFERICOS_GAMING;29240;10;10
Categories/GAMING/PERIFERICOS_GAMING;29241;10;10
Categories/GAMING/PERIFERICOS_GAMING;29242;10;10
Categories/GAMING/PERIFERICOS_GAMING;29382;10;10
Categories/GAMING/PERIFERICOS_GAMING;29392;10;10
Categories/GAMING/PERIFERICOS_GAMING;29627;10;10
Categories/GAMING/PERIFERICOS_GAMING;29628;10;10
Categories/GAMING/PERIFERICOS_GAMING;29679;10;10
Categories/GAMING/PERIFERICOS_GAMING;29769;10;10
Categories/GAMING/PERIFERICOS_GAMING;29921;10;10
Categories/GAMING/PERIFERICOS_GAMING;29950;10;10
Categories/GAMING/PERIFERICOS_GAMING;30100;10;10
Categories/GAMING/PERIFERICOS_GAMING;30153;10;10
Categories/GAMING/PERIFERICOS_GAMING;30178;10;10
Categories/GAMING/PERIFERICOS_GAMING;30391;10;10
Categories/GAMING/PERIFERICOS_GAMING;30394;10;10
Categories/GAMING/PERIFERICOS_GAMING;30395;10;10
Categories/GAMING/PERIFERICOS_GAMING;30538;10;10
Categories/GAMING/PERIFERICOS_GAMING;30540;10;10
Categories/GAMING/PERIFERICOS_GAMING;30807;10;10
Categories/GAMING/PERIFERICOS_GAMING;30808;10;10
Categories/GAMING/PERIFERICOS_GAMING;30812;10;10
Categories/GAMING/PERIFERICOS_GAMING;30954;10;10
Categories/GAMING/PERIFERICOS_GAMING;30955;10;10
Categories/GAMING/PERIFERICOS_GAMING;30956;10;10
Categories/GAMING/PERIFERICOS_GAMING;30957;10;10
Categories/GAMING/PERIFERICOS_GAMING;30994;10;10
Categories/GAMING/PERIFERICOS_GAMING;31033;10;10
Categories/GAMING/PERIFERICOS_GAMING;31034;10;10
Categories/GAMING/PERIFERICOS_GAMING;31035;10;10
Categories/GAMING/PERIFERICOS_GAMING;31131;10;10
Categories/GAMING/PERIFERICOS_GAMING;31134;10;10
Categories/GAMING/PERIFERICOS_GAMING;31135;10;10
Categories/GAMING/PERIFERICOS_GAMING;31136;10;10
Categories/GAMING/PERIFERICOS_GAMING;31137;10;10
Categories/GAMING/PERIFERICOS_GAMING;31285;10;10
Categories/GAMING/PERIFERICOS_GAMING;31286;10;10
Categories/GAMING/PERIFERICOS_GAMING;31287;10;10
Categories/GAMING/PERIFERICOS_GAMING;31288;10;10
Categories/GAMING/PERIFERICOS_GAMING;31289;10;10
Categories/GAMING/PERIFERICOS_GAMING;31290;10;10
Categories/GAMING/PERIFERICOS_GAMING;31324;10;10
Categories/GAMING/PERIFERICOS_GAMING;31334;10;10
Categories/GAMING/PERIFERICOS_GAMING;31335;10;10
Categories/GAMING/PERIFERICOS_GAMING;31336;10;10
Categories/GAMING/PERIFERICOS_GAMING;31337;10;10
Categories/GAMING/PERIFERICOS_GAMING;31348;10;10
Categories/GAMING/PERIFERICOS_GAMING;31352;10;10
Categories/GAMING/PERIFERICOS_GAMING;31422;10;10
Categories/GAMING/PERIFERICOS_GAMING;31423;10;10
Categories/GAMING/PERIFERICOS_GAMING;31478;10;10
Categories/GAMING/PERIFERICOS_GAMING;31510;10;10
Categories/GAMING/PERIFERICOS_GAMING;31547;10;10
Categories/GAMING/PERIFERICOS_GAMING;31548;10;10
Categories/GAMING/PERIFERICOS_GAMING;31549;10;10
Categories/GAMING/PERIFERICOS_GAMING;31779;10;10
Categories/GAMING/PERIFERICOS_GAMING;31838;10;10
Categories/GAMING/PERIFERICOS_GAMING;31923;10;10
Categories/GAMING/PERIFERICOS_GAMING;31946;10;10
Categories/GAMING/PERIFERICOS_GAMING;32016;10;10
Categories/GAMING/PERIFERICOS_GAMING;32017;10;10
Categories/GAMING/PERIFERICOS_GAMING;32019;10;10
Categories/GAMING/PERIFERICOS_GAMING;32021;10;10
Categories/GAMING/PERIFERICOS_GAMING;32022;10;10
Categories/GAMING/PERIFERICOS_GAMING;32196;10;10
Categories/GAMING/PERIFERICOS_GAMING;32197;10;10
Categories/GAMING/PERIFERICOS_GAMING;32201;10;10
Categories/GAMING/PERIFERICOS_GAMING;32202;10;10
Categories/GAMING/PERIFERICOS_GAMING;32327;10;10
Categories/GAMING/PERIFERICOS_GAMING;32433;10;10
Categories/GAMING/PERIFERICOS_GAMING;32514;10;10
Categories/GAMING/PERIFERICOS_GAMING;32528;10;10
Categories/GAMING/PERIFERICOS_GAMING;32529;10;10
Categories/GAMING/PERIFERICOS_GAMING;32530;10;10
Categories/GAMING/PERIFERICOS_GAMING;32554;10;10
Categories/GAMING/PERIFERICOS_GAMING;32555;10;10
Categories/GAMING/PERIFERICOS_GAMING;32557;10;10
Categories/GAMING/PERIFERICOS_GAMING;32674;10;10
Categories/GAMING/PERIFERICOS_GAMING;32675;10;10
Categories/GAMING/PERIFERICOS_GAMING;32676;10;10
Categories/GAMING/PERIFERICOS_GAMING;32766;10;10
Categories/GAMING/PERIFERICOS_GAMING;32899;10;10
Categories/GAMING/PERIFERICOS_GAMING;33143;10;10
Categories/GAMING/PERIFERICOS_GAMING;33203;10;10
Categories/GAMING/PERIFERICOS_GAMING;33210;10;10
Categories/GAMING/PERIFERICOS_GAMING;33222;10;10
Categories/GAMING/PERIFERICOS_GAMING;33223;10;10
Categories/GAMING/PERIFERICOS_GAMING;33224;10;10
Categories/GAMING/PERIFERICOS_GAMING;33267;10;10
Categories/GAMING/PERIFERICOS_GAMING;33268;10;10
Categories/GAMING/PERIFERICOS_GAMING;33341;10;10
Categories/GAMING/PERIFERICOS_GAMING;33342;10;10
Categories/GAMING/PERIFERICOS_GAMING;33370;10;10
Categories/GAMING/PERIFERICOS_GAMING;33392;10;10
Categories/GAMING/PERIFERICOS_GAMING;33413;10;10
Categories/GAMING/PERIFERICOS_GAMING;33414;10;10
Categories/GAMING/PERIFERICOS_GAMING;33415;10;10
Categories/GAMING/PERIFERICOS_GAMING;33440;10;10
Categories/GAMING/PERIFERICOS_GAMING;33533;10;10
Categories/GAMING/PERIFERICOS_GAMING;33592;10;10
Categories/GAMING/PERIFERICOS_GAMING;33593;10;10
Categories/GAMING/PERIFERICOS_GAMING;33623;10;10
Categories/GAMING/PERIFERICOS_GAMING;33635;10;10
Categories/GAMING/PERIFERICOS_GAMING;33636;10;10
Categories/GAMING/PERIFERICOS_GAMING;33637;10;10
Categories/GAMING/PERIFERICOS_GAMING;33638;10;10
Categories/GAMING/PERIFERICOS_GAMING;33722;10;10
Categories/GAMING/PERIFERICOS_GAMING;33975;10;10
Categories/GAMING/PERIFERICOS_GAMING;33976;10;10
Categories/GAMING/PERIFERICOS_GAMING;33977;10;10
Categories/GAMING/PERIFERICOS_GAMING;33978;10;10
Categories/GAMING/PERIFERICOS_GAMING;33979;10;10
Categories/GAMING/PERIFERICOS_GAMING;34010;10;10
Categories/GAMING/PERIFERICOS_GAMING;34012;10;10
Categories/GAMING/PERIFERICOS_GAMING;34013;10;10
Categories/GAMING/PERIFERICOS_GAMING;34014;10;10
Categories/GAMING/PERIFERICOS_GAMING;34016;10;10
Categories/GAMING/PERIFERICOS_GAMING;34017;10;10
Categories/GAMING/PERIFERICOS_GAMING;34154;10;10
Categories/GAMING/PERIFERICOS_GAMING;34269;10;10
Categories/GAMING/PERIFERICOS_GAMING;34275;10;10
Categories/GAMING/PERIFERICOS_GAMING;34276;10;10
Categories/GAMING/PERIFERICOS_GAMING;34278;10;10
Categories/GAMING/PERIFERICOS_GAMING;34280;10;10
Categories/GAMING/PERIFERICOS_GAMING;34308;10;10
Categories/GAMING/PERIFERICOS_GAMING;34309;10;10
Categories/GAMING/PERIFERICOS_GAMING;34310;10;10
Categories/GAMING/PERIFERICOS_GAMING;34372;10;10
Categories/GAMING/PERIFERICOS_GAMING;34510;10;10
Categories/GAMING/PERIFERICOS_GAMING;34560;10;10
Categories/GAMING/PERIFERICOS_GAMING;34561;10;10
Categories/GAMING/PERIFERICOS_GAMING;34787;10;10
Categories/GAMING/PERIFERICOS_GAMING;34788;10;10
Categories/GAMING/PERIFERICOS_GAMING;34947;10;10
Categories/GAMING/PERIFERICOS_GAMING;34948;10;10
Categories/GAMING/PERIFERICOS_GAMING;34949;10;10
Categories/GAMING/PERIFERICOS_GAMING;34950;10;10
Categories/GAMING/PERIFERICOS_GAMING;34951;10;10
Categories/GAMING/PERIFERICOS_GAMING;34953;10;10
Categories/GAMING/PERIFERICOS_GAMING;34956;10;10
Categories/GAMING/PERIFERICOS_GAMING;34957;10;10
Categories/GAMING/PERIFERICOS_GAMING;34958;10;10
Categories/GAMING/PERIFERICOS_GAMING;34959;10;10
Categories/GAMING/PERIFERICOS_GAMING;34960;10;10
Categories/GAMING/PERIFERICOS_GAMING;34961;10;10
Categories/GAMING/PERIFERICOS_GAMING;15444;10;10
Categories/GAMING/PERIFERICOS_GAMING;18968;10;10
Categories/GAMING/PERIFERICOS_GAMING;19652;10;10
Categories/GAMING/PERIFERICOS_GAMING;20587;10;10
Categories/GAMING/PERIFERICOS_GAMING;21137;10;10
Categories/GAMING/PERIFERICOS_GAMING;21996;10;10
Categories/GAMING/PERIFERICOS_GAMING;22273;10;10
Categories/GAMING/PERIFERICOS_GAMING;22506;10;10
Categories/GAMING/PERIFERICOS_GAMING;22507;10;10
Categories/GAMING/PERIFERICOS_GAMING;22509;10;10
Categories/GAMING/PERIFERICOS_GAMING;22511;10;10
Categories/GAMING/PERIFERICOS_GAMING;24141;10;10
Categories/GAMING/PERIFERICOS_GAMING;24241;10;10
Categories/GAMING/PERIFERICOS_GAMING;24296;10;10
Categories/GAMING/PERIFERICOS_GAMING;24297;10;10
Categories/GAMING/PERIFERICOS_GAMING;24613;10;10
Categories/GAMING/PERIFERICOS_GAMING;24966;10;10
Categories/GAMING/PERIFERICOS_GAMING;25129;10;10
Categories/GAMING/PERIFERICOS_GAMING;25130;10;10
Categories/GAMING/PERIFERICOS_GAMING;25288;10;10
Categories/GAMING/PERIFERICOS_GAMING;25502;10;10
Categories/GAMING/PERIFERICOS_GAMING;25503;10;10
Categories/GAMING/PERIFERICOS_GAMING;25649;10;10
Categories/GAMING/PERIFERICOS_GAMING;25667;10;10
Categories/GAMING/PERIFERICOS_GAMING;26045;10;10
Categories/GAMING/PERIFERICOS_GAMING;26054;10;10
Categories/GAMING/PERIFERICOS_GAMING;26055;10;10
Categories/GAMING/PERIFERICOS_GAMING;26056;10;10
Categories/GAMING/PERIFERICOS_GAMING;26256;10;10
Categories/GAMING/PERIFERICOS_GAMING;26652;10;10
Categories/GAMING/PERIFERICOS_GAMING;26791;10;10
Categories/GAMING/PERIFERICOS_GAMING;26838;10;10
Categories/GAMING/PERIFERICOS_GAMING;26839;10;10
Categories/GAMING/PERIFERICOS_GAMING;26840;10;10
Categories/GAMING/PERIFERICOS_GAMING;27023;10;10
Categories/GAMING/PERIFERICOS_GAMING;27362;10;10
Categories/GAMING/PERIFERICOS_GAMING;27560;10;10
Categories/GAMING/PERIFERICOS_GAMING;27561;10;10
Categories/GAMING/PERIFERICOS_GAMING;27562;10;10
Categories/GAMING/PERIFERICOS_GAMING;27564;10;10
Categories/GAMING/PERIFERICOS_GAMING;27565;10;10
Categories/GAMING/PERIFERICOS_GAMING;27614;10;10
Categories/GAMING/PERIFERICOS_GAMING;27709;10;10
Categories/GAMING/PERIFERICOS_GAMING;27710;10;10
Categories/GAMING/PERIFERICOS_GAMING;27788;10;10
Categories/GAMING/PERIFERICOS_GAMING;28195;10;10
Categories/GAMING/PERIFERICOS_GAMING;28196;10;10
Categories/GAMING/PERIFERICOS_GAMING;28197;10;10
Categories/GAMING/PERIFERICOS_GAMING;28198;10;10
Categories/GAMING/PERIFERICOS_GAMING;28199;10;10
Categories/GAMING/PERIFERICOS_GAMING;28200;10;10
Categories/GAMING/PERIFERICOS_GAMING;28201;10;10
Categories/GAMING/PERIFERICOS_GAMING;28202;10;10
Categories/GAMING/PERIFERICOS_GAMING;28203;10;10
Categories/GAMING/PERIFERICOS_GAMING;28286;10;10
Categories/GAMING/PERIFERICOS_GAMING;28287;10;10
Categories/GAMING/PERIFERICOS_GAMING;28288;10;10
Categories/GAMING/PERIFERICOS_GAMING;28290;10;10
Categories/GAMING/PERIFERICOS_GAMING;28291;10;10
Categories/GAMING/PERIFERICOS_GAMING;28403;10;10
Categories/GAMING/PERIFERICOS_GAMING;28475;10;10
Categories/GAMING/PERIFERICOS_GAMING;29010;10;10
Categories/GAMING/PERIFERICOS_GAMING;29239;10;10
Categories/GAMING/PERIFERICOS_GAMING;29694;10;10
Categories/GAMING/PERIFERICOS_GAMING;29722;10;10
Categories/GAMING/PERIFERICOS_GAMING;29929;10;10
Categories/GAMING/PERIFERICOS_GAMING;29930;10;10
Categories/GAMING/PERIFERICOS_GAMING;29931;10;10
Categories/GAMING/PERIFERICOS_GAMING;29959;10;10
Categories/GAMING/PERIFERICOS_GAMING;29962;10;10
Categories/GAMING/PERIFERICOS_GAMING;29969;10;10
Categories/GAMING/PERIFERICOS_GAMING;30151;10;10
Categories/GAMING/PERIFERICOS_GAMING;30320;10;10
Categories/GAMING/PERIFERICOS_GAMING;30336;10;10
Categories/GAMING/PERIFERICOS_GAMING;30338;10;10
Categories/GAMING/PERIFERICOS_GAMING;30339;10;10
Categories/GAMING/PERIFERICOS_GAMING;30362;10;10
Categories/GAMING/PERIFERICOS_GAMING;30455;10;10
Categories/GAMING/PERIFERICOS_GAMING;30552;10;10
Categories/GAMING/PERIFERICOS_GAMING;30554;10;10
Categories/GAMING/PERIFERICOS_GAMING;30555;10;10
Categories/GAMING/PERIFERICOS_GAMING;30556;10;10
Categories/GAMING/PERIFERICOS_GAMING;30561;10;10
Categories/GAMING/PERIFERICOS_GAMING;30562;10;10
Categories/GAMING/PERIFERICOS_GAMING;30563;10;10
Categories/GAMING/PERIFERICOS_GAMING;30564;10;10
Categories/GAMING/PERIFERICOS_GAMING;30567;10;10
Categories/GAMING/PERIFERICOS_GAMING;30574;10;10
Categories/GAMING/PERIFERICOS_GAMING;30628;10;10
Categories/GAMING/PERIFERICOS_GAMING;30801;10;10
Categories/GAMING/PERIFERICOS_GAMING;30855;10;10
Categories/GAMING/PERIFERICOS_GAMING;30856;10;10
Categories/GAMING/PERIFERICOS_GAMING;30860;10;10
Categories/GAMING/PERIFERICOS_GAMING;30861;10;10
Categories/GAMING/PERIFERICOS_GAMING;30862;10;10
Categories/GAMING/PERIFERICOS_GAMING;30880;10;10
Categories/GAMING/PERIFERICOS_GAMING;30929;10;10
Categories/GAMING/PERIFERICOS_GAMING;30965;10;10
Categories/GAMING/PERIFERICOS_GAMING;30966;10;10
Categories/GAMING/PERIFERICOS_GAMING;30967;10;10
Categories/GAMING/PERIFERICOS_GAMING;31042;10;10
Categories/GAMING/PERIFERICOS_GAMING;31043;10;10
Categories/GAMING/PERIFERICOS_GAMING;31074;10;10
Categories/GAMING/PERIFERICOS_GAMING;31196;10;10
Categories/GAMING/PERIFERICOS_GAMING;31245;10;10
Categories/GAMING/PERIFERICOS_GAMING;31294;10;10
Categories/GAMING/PERIFERICOS_GAMING;31331;10;10
Categories/GAMING/PERIFERICOS_GAMING;31403;10;10
Categories/GAMING/PERIFERICOS_GAMING;31503;10;10
Categories/GAMING/PERIFERICOS_GAMING;31550;10;10
Categories/GAMING/PERIFERICOS_GAMING;31554;10;10
Categories/GAMING/PERIFERICOS_GAMING;31556;10;10
Categories/GAMING/PERIFERICOS_GAMING;31557;10;10
Categories/GAMING/PERIFERICOS_GAMING;31563;10;10
Categories/GAMING/PERIFERICOS_GAMING;31852;10;10
Categories/GAMING/PERIFERICOS_GAMING;31853;10;10
Categories/GAMING/PERIFERICOS_GAMING;31856;10;10
Categories/GAMING/PERIFERICOS_GAMING;31858;10;10
Categories/GAMING/PERIFERICOS_GAMING;31859;10;10
Categories/GAMING/PERIFERICOS_GAMING;31860;10;10
Categories/GAMING/PERIFERICOS_GAMING;31891;10;10
Categories/GAMING/PERIFERICOS_GAMING;31892;10;10
Categories/GAMING/PERIFERICOS_GAMING;31938;10;10
Categories/GAMING/PERIFERICOS_GAMING;31939;10;10
Categories/GAMING/PERIFERICOS_GAMING;31956;10;10
Categories/GAMING/PERIFERICOS_GAMING;31963;10;10
Categories/GAMING/PERIFERICOS_GAMING;31964;10;10
Categories/GAMING/PERIFERICOS_GAMING;31966;10;10
Categories/GAMING/PERIFERICOS_GAMING;32102;10;10
Categories/GAMING/PERIFERICOS_GAMING;32178;10;10
Categories/GAMING/PERIFERICOS_GAMING;32179;10;10
Categories/GAMING/PERIFERICOS_GAMING;32180;10;10
Categories/GAMING/PERIFERICOS_GAMING;32181;10;10
Categories/GAMING/PERIFERICOS_GAMING;32182;10;10
Categories/GAMING/PERIFERICOS_GAMING;32256;10;10
Categories/GAMING/PERIFERICOS_GAMING;32257;10;10
Categories/GAMING/PERIFERICOS_GAMING;32258;10;10
Categories/GAMING/PERIFERICOS_GAMING;32285;10;10
Categories/GAMING/PERIFERICOS_GAMING;32286;10;10
Categories/GAMING/PERIFERICOS_GAMING;32287;10;10
Categories/GAMING/PERIFERICOS_GAMING;32392;10;10
Categories/GAMING/PERIFERICOS_GAMING;32447;10;10
Categories/GAMING/PERIFERICOS_GAMING;32448;10;10
Categories/GAMING/PERIFERICOS_GAMING;32449;10;10
Categories/GAMING/PERIFERICOS_GAMING;32450;10;10
Categories/GAMING/PERIFERICOS_GAMING;32451;10;10
Categories/GAMING/PERIFERICOS_GAMING;32452;10;10
Categories/GAMING/PERIFERICOS_GAMING;32453;10;10
Categories/GAMING/PERIFERICOS_GAMING;32604;10;10
Categories/GAMING/PERIFERICOS_GAMING;32737;10;10
Categories/GAMING/PERIFERICOS_GAMING;32813;10;10
Categories/GAMING/PERIFERICOS_GAMING;32814;10;10
Categories/GAMING/PERIFERICOS_GAMING;32876;10;10
Categories/GAMING/PERIFERICOS_GAMING;32877;10;10
Categories/GAMING/PERIFERICOS_GAMING;33162;10;10
Categories/GAMING/PERIFERICOS_GAMING;33305;10;10
Categories/GAMING/PERIFERICOS_GAMING;33313;10;10
Categories/GAMING/PERIFERICOS_GAMING;33317;10;10
Categories/GAMING/PERIFERICOS_GAMING;33319;10;10
Categories/GAMING/PERIFERICOS_GAMING;33320;10;10
Categories/GAMING/PERIFERICOS_GAMING;33321;10;10
Categories/GAMING/PERIFERICOS_GAMING;33322;10;10
Categories/GAMING/PERIFERICOS_GAMING;33378;10;10
Categories/GAMING/PERIFERICOS_GAMING;33460;10;10
Categories/GAMING/PERIFERICOS_GAMING;33463;10;10
Categories/GAMING/PERIFERICOS_GAMING;33464;10;10
Categories/GAMING/PERIFERICOS_GAMING;33468;10;10
Categories/GAMING/PERIFERICOS_GAMING;33469;10;10
Categories/GAMING/PERIFERICOS_GAMING;33470;10;10
Categories/GAMING/PERIFERICOS_GAMING;33472;10;10
Categories/GAMING/PERIFERICOS_GAMING;33473;10;10
Categories/GAMING/PERIFERICOS_GAMING;33527;10;10
Categories/GAMING/PERIFERICOS_GAMING;33604;10;10
Categories/GAMING/PERIFERICOS_GAMING;33943;10;10
Categories/GAMING/PERIFERICOS_GAMING;34159;10;10
Categories/GAMING/PERIFERICOS_GAMING;34160;10;10
Categories/GAMING/PERIFERICOS_GAMING;34161;10;10
Categories/GAMING/PERIFERICOS_GAMING;34162;10;10
Categories/GAMING/PERIFERICOS_GAMING;34163;10;10
Categories/GAMING/PERIFERICOS_GAMING;34235;10;10
Categories/GAMING/PERIFERICOS_GAMING;34246;10;10
Categories/GAMING/PERIFERICOS_GAMING;34250;10;10
Categories/GAMING/PERIFERICOS_GAMING;34259;10;10
Categories/GAMING/PERIFERICOS_GAMING;34266;10;10
Categories/GAMING/PERIFERICOS_GAMING;34282;10;10
Categories/GAMING/PERIFERICOS_GAMING;34283;10;10
Categories/GAMING/PERIFERICOS_GAMING;34284;10;10
Categories/GAMING/PERIFERICOS_GAMING;34285;10;10
Categories/GAMING/PERIFERICOS_GAMING;34286;10;10
Categories/GAMING/PERIFERICOS_GAMING;34327;10;10
Categories/GAMING/PERIFERICOS_GAMING;34328;10;10
Categories/GAMING/PERIFERICOS_GAMING;34329;10;10
Categories/GAMING/PERIFERICOS_GAMING;34330;10;10
Categories/GAMING/PERIFERICOS_GAMING;34342;10;10
Categories/GAMING/PERIFERICOS_GAMING;34343;10;10
Categories/GAMING/PERIFERICOS_GAMING;34344;10;10
Categories/GAMING/PERIFERICOS_GAMING;34641;10;10
Categories/GAMING/PERIFERICOS_GAMING;34642;10;10
Categories/GAMING/PERIFERICOS_GAMING;34658;10;10
Categories/GAMING/PERIFERICOS_GAMING;34659;10;10
Categories/GAMING/PERIFERICOS_GAMING;34660;10;10
Categories/GAMING/PERIFERICOS_GAMING;34661;10;10
Categories/GAMING/PERIFERICOS_GAMING;34662;10;10
Categories/GAMING/PERIFERICOS_GAMING;34663;10;10
Categories/GAMING/PERIFERICOS_GAMING;34664;10;10
Categories/GAMING/PERIFERICOS_GAMING;34732;10;10
Categories/GAMING/PERIFERICOS_GAMING;34733;10;10
Categories/GAMING/PERIFERICOS_GAMING;11463;10;10
Categories/GAMING/PERIFERICOS_GAMING;14045;10;10
Categories/GAMING/PERIFERICOS_GAMING;14046;10;10
Categories/GAMING/PERIFERICOS_GAMING;14047;10;10
Categories/GAMING/PERIFERICOS_GAMING;14048;10;10
Categories/GAMING/PERIFERICOS_GAMING;16659;10;10
Categories/GAMING/PERIFERICOS_GAMING;21665;10;10
Categories/GAMING/PERIFERICOS_GAMING;22516;10;10
Categories/GAMING/PERIFERICOS_GAMING;22600;10;10
Categories/GAMING/PERIFERICOS_GAMING;22602;10;10
Categories/GAMING/PERIFERICOS_GAMING;23006;10;10
Categories/GAMING/PERIFERICOS_GAMING;28422;10;10
Categories/GAMING/PERIFERICOS_GAMING;28424;10;10
Categories/GAMING/PERIFERICOS_GAMING;29015;10;10
Categories/GAMING/PERIFERICOS_GAMING;29161;10;10
Categories/GAMING/PERIFERICOS_GAMING;29162;10;10
Categories/GAMING/PERIFERICOS_GAMING;29163;10;10
Categories/GAMING/PERIFERICOS_GAMING;29932;10;10
Categories/GAMING/PERIFERICOS_GAMING;30040;10;10
Categories/GAMING/PERIFERICOS_GAMING;30041;10;10
Categories/GAMING/PERIFERICOS_GAMING;30042;10;10
Categories/GAMING/PERIFERICOS_GAMING;30043;10;10
Categories/GAMING/PERIFERICOS_GAMING;30072;10;10
Categories/GAMING/PERIFERICOS_GAMING;30203;10;10
Categories/GAMING/PERIFERICOS_GAMING;30942;10;10
Categories/GAMING/PERIFERICOS_GAMING;31127;10;10
Categories/GAMING/PERIFERICOS_GAMING;31555;10;10
Categories/GAMING/PERIFERICOS_GAMING;31937;10;10
Categories/GAMING/PERIFERICOS_GAMING;32262;10;10
Categories/GAMING/PERIFERICOS_GAMING;32263;10;10
Categories/GAMING/PERIFERICOS_GAMING;32682;10;10
Categories/GAMING/PERIFERICOS_GAMING;32683;10;10
Categories/GAMING/PERIFERICOS_GAMING;32763;10;10
Categories/GAMING/PERIFERICOS_GAMING;32764;10;10
Categories/GAMING/PERIFERICOS_GAMING;32765;10;10
Categories/GAMING/PERIFERICOS_GAMING;33176;10;10
Categories/GAMING/PERIFERICOS_GAMING;33177;10;10
Categories/GAMING/PERIFERICOS_GAMING;34026;10;10
Categories/GAMING/PERIFERICOS_GAMING;34027;10;10
Categories/GAMING/PERIFERICOS_GAMING;34257;10;10
Categories/GAMING/PERIFERICOS_GAMING;34287;10;10
Categories/GAMING/PERIFERICOS_GAMING;34288;10;10
Categories/GAMING/PERIFERICOS_GAMING;34739;10;10
Categories/GAMING/PERIFERICOS_GAMING;34740;10;10
Categories/GAMING/PERIFERICOS_GAMING;27746;10;10
Categories/GAMING/PERIFERICOS_GAMING;27747;10;10
Categories/GAMING/PERIFERICOS_GAMING;27748;10;10
Categories/GAMING/PERIFERICOS_GAMING;27749;10;10
Categories/GAMING/PERIFERICOS_GAMING;27750;10;10
Categories/GAMING/PERIFERICOS_GAMING;27751;10;10
Categories/GAMING/PERIFERICOS_GAMING;27752;10;10
Categories/GAMING/PERIFERICOS_GAMING;27753;10;10
Categories/GAMING/PERIFERICOS_GAMING;27968;10;10
Categories/GAMING/PERIFERICOS_GAMING;28873;10;10
Categories/GAMING/PERIFERICOS_GAMING;30609;10;10
Categories/GAMING/PERIFERICOS_GAMING;30610;10;10
Categories/GAMING/PERIFERICOS_GAMING;30611;10;10
Categories/GAMING/PERIFERICOS_GAMING;30612;10;10
Categories/GAMING/PERIFERICOS_GAMING;30613;10;10
Categories/GAMING/PERIFERICOS_GAMING;30614;10;10
Categories/GAMING/PERIFERICOS_GAMING;30615;10;10
Categories/GAMING/PERIFERICOS_GAMING;30616;10;10
Categories/GAMING/PERIFERICOS_GAMING;30617;10;10
Categories/GAMING/PERIFERICOS_GAMING;30620;10;10
Categories/GAMING/PERIFERICOS_GAMING;30624;10;10
Categories/GAMING/PERIFERICOS_GAMING;30667;10;10
Categories/GAMING/PERIFERICOS_GAMING;30668;10;10
Categories/GAMING/PERIFERICOS_GAMING;30670;10;10
Categories/GAMING/PERIFERICOS_GAMING;30671;10;10
Categories/GAMING/PERIFERICOS_GAMING;30672;10;10
Categories/GAMING/PERIFERICOS_GAMING;30673;10;10
Categories/GAMING/PERIFERICOS_GAMING;30674;10;10
Categories/GAMING/PERIFERICOS_GAMING;30675;10;10
Categories/GAMING/PERIFERICOS_GAMING;31107;10;10
Categories/GAMING/PERIFERICOS_GAMING;31244;10;10
Categories/GAMING/PERIFERICOS_GAMING;32541;10;10
Categories/GAMING/PERIFERICOS_GAMING;32542;10;10
Categories/GAMING/PERIFERICOS_GAMING;32543;10;10
Categories/GAMING/PERIFERICOS_GAMING;32637;10;10
Categories/GAMING/PERIFERICOS_GAMING;32638;10;10
Categories/GAMING/PERIFERICOS_GAMING;32639;10;10
Categories/GAMING/PERIFERICOS_GAMING;32640;10;10
Categories/GAMING/PERIFERICOS_GAMING;32641;10;10
Categories/GAMING/PERIFERICOS_GAMING;32642;10;10
Categories/GAMING/PERIFERICOS_GAMING;32643;10;10
Categories/GAMING/PERIFERICOS_GAMING;32644;10;10
Categories/GAMING/PERIFERICOS_GAMING;32645;10;10
Categories/GAMING/PERIFERICOS_GAMING;32646;10;10
Categories/GAMING/PERIFERICOS_GAMING;32647;10;10
Categories/GAMING/PERIFERICOS_GAMING;32648;10;10
Categories/GAMING/PERIFERICOS_GAMING;32649;10;10
Categories/GAMING/PERIFERICOS_GAMING;32860;10;10
Categories/GAMING/PERIFERICOS_GAMING;32861;10;10
Categories/GAMING/PERIFERICOS_GAMING;32863;10;10
Categories/GAMING/PERIFERICOS_GAMING;32864;10;10
Categories/GAMING/PERIFERICOS_GAMING;32867;10;10
Categories/GAMING/PERIFERICOS_GAMING;32868;10;10
Categories/GAMING/PERIFERICOS_GAMING;32869;10;10
Categories/GAMING/PERIFERICOS_GAMING;33344;10;10
Categories/GAMING/PERIFERICOS_GAMING;33345;10;10
Categories/GAMING/PERIFERICOS_GAMING;33346;10;10
Categories/GAMING/PERIFERICOS_GAMING;33347;10;10
Categories/GAMING/PERIFERICOS_GAMING;33348;10;10
Categories/GAMING/PERIFERICOS_GAMING;33351;10;10
Categories/GAMING/PERIFERICOS_GAMING;33352;10;10
Categories/GAMING/PERIFERICOS_GAMING;33353;10;10
Categories/GAMING/PERIFERICOS_GAMING;33355;10;10
Categories/GAMING/PERIFERICOS_GAMING;33357;10;10
Categories/GAMING/PERIFERICOS_GAMING;33914;10;10
Categories/GAMING/PERIFERICOS_GAMING;33915;10;10
Categories/GAMING/PERIFERICOS_GAMING;33916;10;10
Categories/GAMING/PERIFERICOS_GAMING;33917;10;10
Categories/GAMING/PERIFERICOS_GAMING;33923;10;10
Categories/GAMING/PERIFERICOS_GAMING;33924;10;10
Categories/GAMING/PERIFERICOS_GAMING;33925;10;10
Categories/GAMING/PERIFERICOS_GAMING;33926;10;10
Categories/GAMING/PERIFERICOS_GAMING;34742;10;10
Categories/GAMING/PERIFERICOS_GAMING;34743;10;10
Categories/GAMING/PERIFERICOS_GAMING/TECLADOS;9502;10;10
Categories/GAMING/PERIFERICOS_GAMING/TECLADOS;16414;10;10
Categories/GAMING/PERIFERICOS_GAMING/TECLADOS;20490;10;10
Categories/GAMING/PERIFERICOS_GAMING/TECLADOS;20546;10;10
Categories/GAMING/PERIFERICOS_GAMING/TECLADOS;20547;10;10
Categories/GAMING/PERIFERICOS_GAMING/TECLADOS;20678;10;10
Categories/GAMING/PERIFERICOS_GAMING/TECLADOS;21902;10;10
Categories/GAMING/PERIFERICOS_GAMING/TECLADOS;21997;10;10
Categories/GAMING/PERIFERICOS_GAMING/TECLADOS;22127;10;10
Categories/GAMING/PERIFERICOS_GAMING/TECLADOS;22277;10;10
Categories/GAMING/PERIFERICOS_GAMING/TECLADOS;22365;10;10
Categories/GAMING/PERIFERICOS_GAMING/TECLADOS;22595;10;10
Categories/GAMING/PERIFERICOS_GAMING/TECLADOS;22625;10;10
Categories/GAMING/PERIFERICOS_GAMING/TECLADOS;22942;10;10
Categories/GAMING/PERIFERICOS_GAMING/TECLADOS;23476;10;10
Categories/GAMING/PERIFERICOS_GAMING/TECLADOS;23615;10;10
Categories/GAMING/PERIFERICOS_GAMING/TECLADOS;23624;10;10
Categories/GAMING/PERIFERICOS_GAMING/TECLADOS;24126;10;10
Categories/GAMING/PERIFERICOS_GAMING/TECLADOS;24208;10;10
Categories/GAMING/PERIFERICOS_GAMING/TECLADOS;24245;10;10
Categories/GAMING/PERIFERICOS_GAMING/TECLADOS;24391;10;10
Categories/GAMING/PERIFERICOS_GAMING/TECLADOS;25505;10;10
Categories/GAMING/PERIFERICOS_GAMING/TECLADOS;25650;10;10
Categories/GAMING/PERIFERICOS_GAMING/TECLADOS;25651;10;10
Categories/GAMING/PERIFERICOS_GAMING/TECLADOS;26305;10;10
Categories/GAMING/PERIFERICOS_GAMING/TECLADOS;26850;10;10
Categories/GAMING/PERIFERICOS_GAMING/TECLADOS;27019;10;10
Categories/GAMING/PERIFERICOS_GAMING/TECLADOS;27022;10;10
Categories/GAMING/PERIFERICOS_GAMING/TECLADOS;27373;10;10
Categories/GAMING/PERIFERICOS_GAMING/TECLADOS;27377;10;10
Categories/GAMING/PERIFERICOS_GAMING/TECLADOS;27660;10;10
Categories/GAMING/PERIFERICOS_GAMING/TECLADOS;27661;10;10
Categories/GAMING/PERIFERICOS_GAMING/TECLADOS;27692;10;10
Categories/GAMING/PERIFERICOS_GAMING/TECLADOS;27769;10;10
Categories/GAMING/PERIFERICOS_GAMING/TECLADOS;28383;10;10
Categories/GAMING/PERIFERICOS_GAMING/TECLADOS;28384;10;10
Categories/GAMING/PERIFERICOS_GAMING/TECLADOS;28386;10;10
Categories/GAMING/PERIFERICOS_GAMING/TECLADOS;28387;10;10
Categories/GAMING/PERIFERICOS_GAMING/TECLADOS;28388;10;10
Categories/GAMING/PERIFERICOS_GAMING/TECLADOS;28389;10;10
Categories/GAMING/PERIFERICOS_GAMING/TECLADOS;28390;10;10
Categories/GAMING/PERIFERICOS_GAMING/TECLADOS;28391;10;10
Categories/GAMING/PERIFERICOS_GAMING/TECLADOS;28392;10;10
Categories/GAMING/PERIFERICOS_GAMING/TECLADOS;28630;10;10
Categories/GAMING/PERIFERICOS_GAMING/TECLADOS;28831;10;10
Categories/GAMING/PERIFERICOS_GAMING/TECLADOS;28832;10;10
Categories/GAMING/PERIFERICOS_GAMING/TECLADOS;28833;10;10
Categories/GAMING/PERIFERICOS_GAMING/TECLADOS;28834;10;10
Categories/GAMING/PERIFERICOS_GAMING/TECLADOS;28835;10;10
Categories/GAMING/PERIFERICOS_GAMING/TECLADOS;28836;10;10
Categories/GAMING/PERIFERICOS_GAMING/TECLADOS;29016;10;10
Categories/GAMING/PERIFERICOS_GAMING/TECLADOS;29017;10;10
Categories/GAMING/PERIFERICOS_GAMING/TECLADOS;29658;10;10
Categories/GAMING/PERIFERICOS_GAMING/TECLADOS;29659;10;10
Categories/GAMING/PERIFERICOS_GAMING/TECLADOS;29661;10;10
Categories/GAMING/PERIFERICOS_GAMING/TECLADOS;29662;10;10
Categories/GAMING/PERIFERICOS_GAMING/TECLADOS;29665;10;10
Categories/GAMING/PERIFERICOS_GAMING/TECLADOS;29905;10;10
Categories/GAMING/PERIFERICOS_GAMING/TECLADOS;29928;10;10
Categories/GAMING/PERIFERICOS_GAMING/TECLADOS;30044;10;10
Categories/GAMING/PERIFERICOS_GAMING/TECLADOS;30071;10;10
Categories/GAMING/PERIFERICOS_GAMING/TECLADOS;30201;10;10
Categories/GAMING/PERIFERICOS_GAMING/TECLADOS;30202;10;10
Categories/GAMING/PERIFERICOS_GAMING/TECLADOS;30277;10;10
Categories/GAMING/PERIFERICOS_GAMING/TECLADOS;30279;10;10
Categories/GAMING/PERIFERICOS_GAMING/TECLADOS;30341;10;10
Categories/GAMING/PERIFERICOS_GAMING/TECLADOS;30576;10;10
Categories/GAMING/PERIFERICOS_GAMING/TECLADOS;30736;10;10
Categories/GAMING/PERIFERICOS_GAMING/TECLADOS;30802;10;10
Categories/GAMING/PERIFERICOS_GAMING/TECLADOS;30883;10;10
Categories/GAMING/PERIFERICOS_GAMING/TECLADOS;30884;10;10
Categories/GAMING/PERIFERICOS_GAMING/TECLADOS;30962;10;10
Categories/GAMING/PERIFERICOS_GAMING/TECLADOS;30963;10;10
Categories/GAMING/PERIFERICOS_GAMING/TECLADOS;30964;10;10
Categories/GAMING/PERIFERICOS_GAMING/TECLADOS;31193;10;10
Categories/GAMING/PERIFERICOS_GAMING/TECLADOS;31355;10;10
Categories/GAMING/PERIFERICOS_GAMING/TECLADOS;31819;10;10
Categories/GAMING/PERIFERICOS_GAMING/TECLADOS;32284;10;10
Categories/GAMING/PERIFERICOS_GAMING/TECLADOS;32359;10;10
Categories/GAMING/PERIFERICOS_GAMING/TECLADOS;32380;10;10
Categories/GAMING/PERIFERICOS_GAMING/TECLADOS;32381;10;10
Categories/GAMING/PERIFERICOS_GAMING/TECLADOS;32459;10;10
Categories/GAMING/PERIFERICOS_GAMING/TECLADOS;32460;10;10
Categories/GAMING/PERIFERICOS_GAMING/TECLADOS;32461;10;10
Categories/GAMING/PERIFERICOS_GAMING/TECLADOS;32462;10;10
Categories/GAMING/PERIFERICOS_GAMING/TECLADOS;32463;10;10
Categories/GAMING/PERIFERICOS_GAMING/TECLADOS;32464;10;10
Categories/GAMING/PERIFERICOS_GAMING/TECLADOS;32544;10;10
Categories/GAMING/PERIFERICOS_GAMING/TECLADOS;32548;10;10
Categories/GAMING/PERIFERICOS_GAMING/TECLADOS;32549;10;10
Categories/GAMING/PERIFERICOS_GAMING/TECLADOS;32612;10;10
Categories/GAMING/PERIFERICOS_GAMING/TECLADOS;32746;10;10
Categories/GAMING/PERIFERICOS_GAMING/TECLADOS;32756;10;10
Categories/GAMING/PERIFERICOS_GAMING/TECLADOS;32757;10;10
Categories/GAMING/PERIFERICOS_GAMING/TECLADOS;32758;10;10
Categories/GAMING/PERIFERICOS_GAMING/TECLADOS;32759;10;10
Categories/GAMING/PERIFERICOS_GAMING/TECLADOS;32760;10;10
Categories/GAMING/PERIFERICOS_GAMING/TECLADOS;32761;10;10
Categories/GAMING/PERIFERICOS_GAMING/TECLADOS;32762;10;10
Categories/GAMING/PERIFERICOS_GAMING/TECLADOS;33178;10;10
Categories/GAMING/PERIFERICOS_GAMING/TECLADOS;33179;10;10
Categories/GAMING/PERIFERICOS_GAMING/TECLADOS;33180;10;10
Categories/GAMING/PERIFERICOS_GAMING/TECLADOS;33205;10;10
Categories/GAMING/PERIFERICOS_GAMING/TECLADOS;33314;10;10
Categories/GAMING/PERIFERICOS_GAMING/TECLADOS;33315;10;10
Categories/GAMING/PERIFERICOS_GAMING/TECLADOS;33316;10;10
Categories/GAMING/PERIFERICOS_GAMING/TECLADOS;33379;10;10
Categories/GAMING/PERIFERICOS_GAMING/TECLADOS;33380;10;10
Categories/GAMING/PERIFERICOS_GAMING/TECLADOS;33381;10;10
Categories/GAMING/PERIFERICOS_GAMING/TECLADOS;33382;10;10
Categories/GAMING/PERIFERICOS_GAMING/TECLADOS;33383;10;10
Categories/GAMING/PERIFERICOS_GAMING/TECLADOS;33384;10;10
Categories/GAMING/PERIFERICOS_GAMING/TECLADOS;33385;10;10
Categories/GAMING/PERIFERICOS_GAMING/TECLADOS;33386;10;10
Categories/GAMING/PERIFERICOS_GAMING/TECLADOS;33387;10;10
Categories/GAMING/PERIFERICOS_GAMING/TECLADOS;33388;10;10
Categories/GAMING/PERIFERICOS_GAMING/TECLADOS;33389;10;10
Categories/GAMING/PERIFERICOS_GAMING/TECLADOS;33390;10;10
Categories/GAMING/PERIFERICOS_GAMING/TECLADOS;33599;10;10
Categories/GAMING/PERIFERICOS_GAMING/TECLADOS;33600;10;10
Categories/GAMING/PERIFERICOS_GAMING/TECLADOS;33601;10;10
Categories/GAMING/PERIFERICOS_GAMING/TECLADOS;33602;10;10
Categories/GAMING/PERIFERICOS_GAMING/TECLADOS;33748;10;10
Categories/GAMING/PERIFERICOS_GAMING/TECLADOS;33769;10;10
Categories/GAMING/PERIFERICOS_GAMING/TECLADOS;34054;10;10
Categories/GAMING/PERIFERICOS_GAMING/TECLADOS;34057;10;10
Categories/GAMING/PERIFERICOS_GAMING/TECLADOS;34119;10;10
Categories/GAMING/PERIFERICOS_GAMING/TECLADOS;34120;10;10
Categories/GAMING/PERIFERICOS_GAMING/TECLADOS;34121;10;10
Categories/GAMING/PERIFERICOS_GAMING/TECLADOS;34122;10;10
Categories/GAMING/PERIFERICOS_GAMING/TECLADOS;34123;10;10
Categories/GAMING/PERIFERICOS_GAMING/TECLADOS;34124;10;10
Categories/GAMING/PERIFERICOS_GAMING/TECLADOS;34125;10;10
Categories/GAMING/PERIFERICOS_GAMING/TECLADOS;34126;10;10
Categories/GAMING/PERIFERICOS_GAMING/TECLADOS;34127;10;10
Categories/GAMING/PERIFERICOS_GAMING/TECLADOS;34128;10;10
Categories/GAMING/PERIFERICOS_GAMING/TECLADOS;34247;10;10
Categories/GAMING/PERIFERICOS_GAMING/TECLADOS;34252;10;10
Categories/GAMING/PERIFERICOS_GAMING/TECLADOS;34254;10;10
Categories/GAMING/PERIFERICOS_GAMING/TECLADOS;34260;10;10
Categories/GAMING/PERIFERICOS_GAMING/TECLADOS;34633;10;10
Categories/GAMING/PERIFERICOS_GAMING/TECLADOS;34635;10;10
Categories/GAMING/PERIFERICOS_GAMING/TECLADOS;34636;10;10
Categories/GAMING/PERIFERICOS_GAMING/TECLADOS;34643;10;10
Categories/GAMING/PERIFERICOS_GAMING/TECLADOS;34644;10;10
Categories/GAMING/PERIFERICOS_GAMING/TECLADOS;34645;10;10
Categories/GAMING/PERIFERICOS_GAMING/TECLADOS;34646;10;10
Categories/GAMING/PERIFERICOS_GAMING/TECLADOS;34647;10;10
Categories/GAMING/PERIFERICOS_GAMING/TECLADOS;34648;10;10
Categories/GAMING/PERIFERICOS_GAMING/TECLADOS;34649;10;10
Categories/GAMING/PERIFERICOS_GAMING/TECLADOS;34734;10;10
Categories/GAMING/PERIFERICOS_GAMING/TECLADOS;34735;10;10
Categories/GAMING/PERIFERICOS_GAMING/TECLADOS;34736;10;10
Categories/GAMING/PERIFERICOS_GAMING/TECLADOS;34779;10;10
Categories/GAMING/PERIFERICOS_GAMING/TECLADOS;34780;10;10
Categories/GAMING/PERIFERICOS_GAMING/TECLADOS;34783;10;10
Categories/GAMING/PERIFERICOS_GAMING/TECLADOS;34784;10;10
Categories/GAMING/PERIFERICOS_GAMING/TECLADOS;34855;10;10
Categories/GAMING/PERIFERICOS_GAMING/TECLADOS;34856;10;10
Categories/GAMING/PERIFERICOS_GAMING/RATONES;8962;10;10
Categories/GAMING/PERIFERICOS_GAMING/RATONES;8965;10;10
Categories/GAMING/PERIFERICOS_GAMING/RATONES;13113;10;10
Categories/GAMING/PERIFERICOS_GAMING/RATONES;14150;10;10
Categories/GAMING/PERIFERICOS_GAMING/RATONES;14151;10;10
Categories/GAMING/PERIFERICOS_GAMING/RATONES;15488;10;10
Categories/GAMING/PERIFERICOS_GAMING/RATONES;18528;10;10
Categories/GAMING/PERIFERICOS_GAMING/RATONES;18529;10;10
Categories/GAMING/PERIFERICOS_GAMING/RATONES;19460;10;10
Categories/GAMING/PERIFERICOS_GAMING/RATONES;19553;10;10
Categories/GAMING/PERIFERICOS_GAMING/RATONES;19554;10;10
Categories/GAMING/PERIFERICOS_GAMING/RATONES;19555;10;10
Categories/GAMING/PERIFERICOS_GAMING/RATONES;19556;10;10
Categories/GAMING/PERIFERICOS_GAMING/RATONES;19557;10;10
Categories/GAMING/PERIFERICOS_GAMING/RATONES;19558;10;10
Categories/GAMING/PERIFERICOS_GAMING/RATONES;19654;10;10
Categories/GAMING/PERIFERICOS_GAMING/RATONES;19681;10;10
Categories/GAMING/PERIFERICOS_GAMING/RATONES;19682;10;10
Categories/GAMING/PERIFERICOS_GAMING/RATONES;19792;10;10
Categories/GAMING/PERIFERICOS_GAMING/RATONES;20306;10;10
Categories/GAMING/PERIFERICOS_GAMING/RATONES;20399;10;10
Categories/GAMING/PERIFERICOS_GAMING/RATONES;20580;10;10
Categories/GAMING/PERIFERICOS_GAMING/RATONES;20581;10;10
Categories/GAMING/PERIFERICOS_GAMING/RATONES;20781;10;10
Categories/GAMING/PERIFERICOS_GAMING/RATONES;20782;10;10
Categories/GAMING/PERIFERICOS_GAMING/RATONES;20808;10;10
Categories/GAMING/PERIFERICOS_GAMING/RATONES;20942;10;10
Categories/GAMING/PERIFERICOS_GAMING/RATONES;21084;10;10
Categories/GAMING/PERIFERICOS_GAMING/RATONES;21494;10;10
Categories/GAMING/PERIFERICOS_GAMING/RATONES;21645;10;10
Categories/GAMING/PERIFERICOS_GAMING/RATONES;21646;10;10
Categories/GAMING/PERIFERICOS_GAMING/RATONES;21647;10;10
Categories/GAMING/PERIFERICOS_GAMING/RATONES;21991;10;10
Categories/GAMING/PERIFERICOS_GAMING/RATONES;21992;10;10
Categories/GAMING/PERIFERICOS_GAMING/RATONES;21995;10;10
Categories/GAMING/PERIFERICOS_GAMING/RATONES;22520;10;10
Categories/GAMING/PERIFERICOS_GAMING/RATONES;22586;10;10
Categories/GAMING/PERIFERICOS_GAMING/RATONES;23616;10;10
Categories/GAMING/PERIFERICOS_GAMING/RATONES;23850;10;10
Categories/GAMING/PERIFERICOS_GAMING/RATONES;23851;10;10
Categories/GAMING/PERIFERICOS_GAMING/RATONES;23852;10;10
Categories/GAMING/PERIFERICOS_GAMING/RATONES;24392;10;10
Categories/GAMING/PERIFERICOS_GAMING/RATONES;24600;10;10
Categories/GAMING/PERIFERICOS_GAMING/RATONES;24605;10;10
Categories/GAMING/PERIFERICOS_GAMING/RATONES;25403;10;10
Categories/GAMING/PERIFERICOS_GAMING/RATONES;25408;10;10
Categories/GAMING/PERIFERICOS_GAMING/RATONES;25741;10;10
Categories/GAMING/PERIFERICOS_GAMING/RATONES;25818;10;10
Categories/GAMING/PERIFERICOS_GAMING/RATONES;26051;10;10
Categories/GAMING/PERIFERICOS_GAMING/RATONES;26052;10;10
Categories/GAMING/PERIFERICOS_GAMING/RATONES;26057;10;10
Categories/GAMING/PERIFERICOS_GAMING/RATONES;26374;10;10
Categories/GAMING/PERIFERICOS_GAMING/RATONES;27221;10;10
Categories/GAMING/PERIFERICOS_GAMING/RATONES;27369;10;10
Categories/GAMING/PERIFERICOS_GAMING/RATONES;27370;10;10
Categories/GAMING/PERIFERICOS_GAMING/RATONES;27372;10;10
Categories/GAMING/PERIFERICOS_GAMING/RATONES;27615;10;10
Categories/GAMING/PERIFERICOS_GAMING/RATONES;27782;10;10
Categories/GAMING/PERIFERICOS_GAMING/RATONES;27907;10;10
Categories/GAMING/PERIFERICOS_GAMING/RATONES;28006;10;10
Categories/GAMING/PERIFERICOS_GAMING/RATONES;28007;10;10
Categories/GAMING/PERIFERICOS_GAMING/RATONES;28008;10;10
Categories/GAMING/PERIFERICOS_GAMING/RATONES;28296;10;10
Categories/GAMING/PERIFERICOS_GAMING/RATONES;28345;10;10
Categories/GAMING/PERIFERICOS_GAMING/RATONES;28346;10;10
Categories/GAMING/PERIFERICOS_GAMING/RATONES;28347;10;10
Categories/GAMING/PERIFERICOS_GAMING/RATONES;28348;10;10
Categories/GAMING/PERIFERICOS_GAMING/RATONES;28397;10;10
Categories/GAMING/PERIFERICOS_GAMING/RATONES;28404;10;10
Categories/GAMING/PERIFERICOS_GAMING/RATONES;28405;10;10
Categories/GAMING/PERIFERICOS_GAMING/RATONES;28408;10;10
Categories/GAMING/PERIFERICOS_GAMING/RATONES;28409;10;10
Categories/GAMING/PERIFERICOS_GAMING/RATONES;28620;10;10
Categories/GAMING/PERIFERICOS_GAMING/RATONES;28706;10;10
Categories/GAMING/PERIFERICOS_GAMING/RATONES;28874;10;10
Categories/GAMING/PERIFERICOS_GAMING/RATONES;28875;10;10
Categories/GAMING/PERIFERICOS_GAMING/RATONES;29012;10;10
Categories/GAMING/PERIFERICOS_GAMING/RATONES;29014;10;10
Categories/GAMING/PERIFERICOS_GAMING/RATONES;29660;10;10
Categories/GAMING/PERIFERICOS_GAMING/RATONES;29663;10;10
Categories/GAMING/PERIFERICOS_GAMING/RATONES;29664;10;10
Categories/GAMING/PERIFERICOS_GAMING/RATONES;29705;10;10
Categories/GAMING/PERIFERICOS_GAMING/RATONES;29706;10;10
Categories/GAMING/PERIFERICOS_GAMING/RATONES;29740;10;10
Categories/GAMING/PERIFERICOS_GAMING/RATONES;29741;10;10
Categories/GAMING/PERIFERICOS_GAMING/RATONES;30069;10;10
Categories/GAMING/PERIFERICOS_GAMING/RATONES;30076;10;10
Categories/GAMING/PERIFERICOS_GAMING/RATONES;30077;10;10
Categories/GAMING/PERIFERICOS_GAMING/RATONES;30204;10;10
Categories/GAMING/PERIFERICOS_GAMING/RATONES;30271;10;10
Categories/GAMING/PERIFERICOS_GAMING/RATONES;30275;10;10
Categories/GAMING/PERIFERICOS_GAMING/RATONES;30572;10;10
Categories/GAMING/PERIFERICOS_GAMING/RATONES;30573;10;10
Categories/GAMING/PERIFERICOS_GAMING/RATONES;30909;10;10
Categories/GAMING/PERIFERICOS_GAMING/RATONES;31194;10;10
Categories/GAMING/PERIFERICOS_GAMING/RATONES;31249;10;10
Categories/GAMING/PERIFERICOS_GAMING/RATONES;31250;10;10
Categories/GAMING/PERIFERICOS_GAMING/RATONES;31251;10;10
Categories/GAMING/PERIFERICOS_GAMING/RATONES;31252;10;10
Categories/GAMING/PERIFERICOS_GAMING/RATONES;31253;10;10
Categories/GAMING/PERIFERICOS_GAMING/RATONES;31254;10;10
Categories/GAMING/PERIFERICOS_GAMING/RATONES;31339;10;10
Categories/GAMING/PERIFERICOS_GAMING/RATONES;31341;10;10
Categories/GAMING/PERIFERICOS_GAMING/RATONES;31343;10;10
Categories/GAMING/PERIFERICOS_GAMING/RATONES;31515;10;10
Categories/GAMING/PERIFERICOS_GAMING/RATONES;31551;10;10
Categories/GAMING/PERIFERICOS_GAMING/RATONES;31552;10;10
Categories/GAMING/PERIFERICOS_GAMING/RATONES;31553;10;10
Categories/GAMING/PERIFERICOS_GAMING/RATONES;31562;10;10
Categories/GAMING/PERIFERICOS_GAMING/RATONES;31816;10;10
Categories/GAMING/PERIFERICOS_GAMING/RATONES;31817;10;10
Categories/GAMING/PERIFERICOS_GAMING/RATONES;31818;10;10
Categories/GAMING/PERIFERICOS_GAMING/RATONES;31835;10;10
Categories/GAMING/PERIFERICOS_GAMING/RATONES;31836;10;10
Categories/GAMING/PERIFERICOS_GAMING/RATONES;31906;10;10
Categories/GAMING/PERIFERICOS_GAMING/RATONES;31908;10;10
Categories/GAMING/PERIFERICOS_GAMING/RATONES;31909;10;10
Categories/GAMING/PERIFERICOS_GAMING/RATONES;31910;10;10
Categories/GAMING/PERIFERICOS_GAMING/RATONES;31911;10;10
Categories/GAMING/PERIFERICOS_GAMING/RATONES;31912;10;10
Categories/GAMING/PERIFERICOS_GAMING/RATONES;31913;10;10
Categories/GAMING/PERIFERICOS_GAMING/RATONES;31931;10;10
Categories/GAMING/PERIFERICOS_GAMING/RATONES;31932;10;10
Categories/GAMING/PERIFERICOS_GAMING/RATONES;31934;10;10
Categories/GAMING/PERIFERICOS_GAMING/RATONES;31935;10;10
Categories/GAMING/PERIFERICOS_GAMING/RATONES;31936;10;10
Categories/GAMING/PERIFERICOS_GAMING/RATONES;32261;10;10
Categories/GAMING/PERIFERICOS_GAMING/RATONES;32348;10;10
Categories/GAMING/PERIFERICOS_GAMING/RATONES;32349;10;10
Categories/GAMING/PERIFERICOS_GAMING/RATONES;32355;10;10
Categories/GAMING/PERIFERICOS_GAMING/RATONES;32400;10;10
Categories/GAMING/PERIFERICOS_GAMING/RATONES;32550;10;10
Categories/GAMING/PERIFERICOS_GAMING/RATONES;32609;10;10
Categories/GAMING/PERIFERICOS_GAMING/RATONES;32610;10;10
Categories/GAMING/PERIFERICOS_GAMING/RATONES;32611;10;10
Categories/GAMING/PERIFERICOS_GAMING/RATONES;32744;10;10
Categories/GAMING/PERIFERICOS_GAMING/RATONES;32745;10;10
Categories/GAMING/PERIFERICOS_GAMING/RATONES;32886;10;10
Categories/GAMING/PERIFERICOS_GAMING/RATONES;32887;10;10
Categories/GAMING/PERIFERICOS_GAMING/RATONES;33101;10;10
Categories/GAMING/PERIFERICOS_GAMING/RATONES;33323;10;10
Categories/GAMING/PERIFERICOS_GAMING/RATONES;33453;10;10
Categories/GAMING/PERIFERICOS_GAMING/RATONES;33454;10;10
Categories/GAMING/PERIFERICOS_GAMING/RATONES;33455;10;10
Categories/GAMING/PERIFERICOS_GAMING/RATONES;33456;10;10
Categories/GAMING/PERIFERICOS_GAMING/RATONES;33457;10;10
Categories/GAMING/PERIFERICOS_GAMING/RATONES;33458;10;10
Categories/GAMING/PERIFERICOS_GAMING/RATONES;33459;10;10
Categories/GAMING/PERIFERICOS_GAMING/RATONES;33461;10;10
Categories/GAMING/PERIFERICOS_GAMING/RATONES;33462;10;10
Categories/GAMING/PERIFERICOS_GAMING/RATONES;33640;10;10
Categories/GAMING/PERIFERICOS_GAMING/RATONES;33952;10;10
Categories/GAMING/PERIFERICOS_GAMING/RATONES;33953;10;10
Categories/GAMING/PERIFERICOS_GAMING/RATONES;33954;10;10
Categories/GAMING/PERIFERICOS_GAMING/RATONES;34055;10;10
Categories/GAMING/PERIFERICOS_GAMING/RATONES;34129;10;10
Categories/GAMING/PERIFERICOS_GAMING/RATONES;34130;10;10
Categories/GAMING/PERIFERICOS_GAMING/RATONES;34131;10;10
Categories/GAMING/PERIFERICOS_GAMING/RATONES;34132;10;10
Categories/GAMING/PERIFERICOS_GAMING/RATONES;34255;10;10
Categories/GAMING/PERIFERICOS_GAMING/RATONES;34256;10;10
Categories/GAMING/PERIFERICOS_GAMING/RATONES;34261;10;10
Categories/GAMING/PERIFERICOS_GAMING/RATONES;34262;10;10
Categories/GAMING/PERIFERICOS_GAMING/RATONES;34289;10;10
Categories/GAMING/PERIFERICOS_GAMING/RATONES;34290;10;10
Categories/GAMING/PERIFERICOS_GAMING/RATONES;34291;10;10
Categories/GAMING/PERIFERICOS_GAMING/RATONES;34292;10;10
Categories/GAMING/PERIFERICOS_GAMING/RATONES;34293;10;10
Categories/GAMING/PERIFERICOS_GAMING/RATONES;34294;10;10
Categories/GAMING/PERIFERICOS_GAMING/RATONES;34295;10;10
Categories/GAMING/PERIFERICOS_GAMING/RATONES;34296;10;10
Categories/GAMING/PERIFERICOS_GAMING/RATONES;34298;10;10
Categories/GAMING/PERIFERICOS_GAMING/RATONES;34300;10;10
Categories/GAMING/PERIFERICOS_GAMING/RATONES;34301;10;10
Categories/GAMING/PERIFERICOS_GAMING/RATONES;34302;10;10
Categories/GAMING/PERIFERICOS_GAMING/RATONES;34304;10;10
Categories/GAMING/PERIFERICOS_GAMING/RATONES;34305;10;10
Categories/GAMING/PERIFERICOS_GAMING/RATONES;34314;10;10
Categories/GAMING/PERIFERICOS_GAMING/RATONES;34339;10;10
Categories/GAMING/PERIFERICOS_GAMING/RATONES;34399;10;10
Categories/GAMING/PERIFERICOS_GAMING/RATONES;34414;10;10
Categories/GAMING/PERIFERICOS_GAMING/RATONES;34415;10;10
Categories/GAMING/PERIFERICOS_GAMING/RATONES;34617;10;10
Categories/GAMING/PERIFERICOS_GAMING/RATONES;34618;10;10
Categories/GAMING/PERIFERICOS_GAMING/RATONES;34619;10;10
Categories/GAMING/PERIFERICOS_GAMING/RATONES;34620;10;10
Categories/GAMING/PERIFERICOS_GAMING/RATONES;34621;10;10
Categories/GAMING/PERIFERICOS_GAMING/RATONES;34622;10;10
Categories/GAMING/PERIFERICOS_GAMING/RATONES;34623;10;10
Categories/GAMING/PERIFERICOS_GAMING/RATONES;34624;10;10
Categories/GAMING/PERIFERICOS_GAMING/RATONES;34627;10;10
Categories/GAMING/PERIFERICOS_GAMING/RATONES;34629;10;10
Categories/GAMING/PERIFERICOS_GAMING/RATONES;34630;10;10
Categories/GAMING/PERIFERICOS_GAMING/RATONES;34681;10;10
Categories/GAMING/PERIFERICOS_GAMING/RATONES;34737;10;10
Categories/GAMING/PERIFERICOS_GAMING/RATONES;34738;10;10
Categories/GAMING/PERIFERICOS_GAMING/MONITORES;13079;10;10
Categories/GAMING/PERIFERICOS_GAMING/MONITORES;13456;10;10
Categories/GAMING/PERIFERICOS_GAMING/MONITORES;13458;10;10
Categories/GAMING/PERIFERICOS_GAMING/MONITORES;13547;10;10
Categories/GAMING/PERIFERICOS_GAMING/MONITORES;15196;10;10
Categories/GAMING/PERIFERICOS_GAMING/MONITORES;18124;10;10
Categories/GAMING/PERIFERICOS_GAMING/MONITORES;18921;10;10
Categories/GAMING/PERIFERICOS_GAMING/MONITORES;19537;10;10
Categories/GAMING/PERIFERICOS_GAMING/MONITORES;19566;10;10
Categories/GAMING/PERIFERICOS_GAMING/MONITORES;19574;10;10
Categories/GAMING/PERIFERICOS_GAMING/MONITORES;19575;10;10
Categories/GAMING/PERIFERICOS_GAMING/MONITORES;20194;10;10
Categories/GAMING/PERIFERICOS_GAMING/MONITORES;21089;10;10
Categories/GAMING/PERIFERICOS_GAMING/MONITORES;21585;10;10
Categories/GAMING/PERIFERICOS_GAMING/MONITORES;22450;10;10
Categories/GAMING/PERIFERICOS_GAMING/MONITORES;23120;10;10
Categories/GAMING/PERIFERICOS_GAMING/MONITORES;23121;10;10
Categories/GAMING/PERIFERICOS_GAMING/MONITORES;23968;10;10
Categories/GAMING/PERIFERICOS_GAMING/MONITORES;23969;10;10
Categories/GAMING/PERIFERICOS_GAMING/MONITORES;24591;10;10
Categories/GAMING/PERIFERICOS_GAMING/MONITORES;24829;10;10
Categories/GAMING/PERIFERICOS_GAMING/MONITORES;24830;10;10
Categories/GAMING/PERIFERICOS_GAMING/MONITORES;24831;10;10
Categories/GAMING/PERIFERICOS_GAMING/MONITORES;24832;10;10
Categories/GAMING/PERIFERICOS_GAMING/MONITORES;24833;10;10
Categories/GAMING/PERIFERICOS_GAMING/MONITORES;24836;10;10
Categories/GAMING/PERIFERICOS_GAMING/MONITORES;24837;10;10
Categories/GAMING/PERIFERICOS_GAMING/MONITORES;24838;10;10
Categories/GAMING/PERIFERICOS_GAMING/MONITORES;24839;10;10
Categories/GAMING/PERIFERICOS_GAMING/MONITORES;24840;10;10
Categories/GAMING/PERIFERICOS_GAMING/MONITORES;24841;10;10
Categories/GAMING/PERIFERICOS_GAMING/MONITORES;24846;10;10
Categories/GAMING/PERIFERICOS_GAMING/MONITORES;24900;10;10
Categories/GAMING/PERIFERICOS_GAMING/MONITORES;25118;10;10
Categories/GAMING/PERIFERICOS_GAMING/MONITORES;25119;10;10
Categories/GAMING/PERIFERICOS_GAMING/MONITORES;25120;10;10
Categories/GAMING/PERIFERICOS_GAMING/MONITORES;25163;10;10
Categories/GAMING/PERIFERICOS_GAMING/MONITORES;25491;10;10
Categories/GAMING/PERIFERICOS_GAMING/MONITORES;25828;10;10
Categories/GAMING/PERIFERICOS_GAMING/MONITORES;25835;10;10
Categories/GAMING/PERIFERICOS_GAMING/MONITORES;26121;10;10
Categories/GAMING/PERIFERICOS_GAMING/MONITORES;26730;10;10
Categories/GAMING/PERIFERICOS_GAMING/MONITORES;26731;10;10
Categories/GAMING/PERIFERICOS_GAMING/MONITORES;26732;10;10
Categories/GAMING/PERIFERICOS_GAMING/MONITORES;26733;10;10
Categories/GAMING/PERIFERICOS_GAMING/MONITORES;26734;10;10
Categories/GAMING/PERIFERICOS_GAMING/MONITORES;26735;10;10
Categories/GAMING/PERIFERICOS_GAMING/MONITORES;27004;10;10
Categories/GAMING/PERIFERICOS_GAMING/MONITORES;27005;10;10
Categories/GAMING/PERIFERICOS_GAMING/MONITORES;27029;10;10
Categories/GAMING/PERIFERICOS_GAMING/MONITORES;27038;10;10
Categories/GAMING/PERIFERICOS_GAMING/MONITORES;27039;10;10
Categories/GAMING/PERIFERICOS_GAMING/MONITORES;27040;10;10
Categories/GAMING/PERIFERICOS_GAMING/MONITORES;27117;10;10
Categories/GAMING/PERIFERICOS_GAMING/MONITORES;27613;10;10
Categories/GAMING/PERIFERICOS_GAMING/MONITORES;27628;10;10
Categories/GAMING/PERIFERICOS_GAMING/MONITORES;27932;10;10
Categories/GAMING/PERIFERICOS_GAMING/MONITORES;28043;10;10
Categories/GAMING/PERIFERICOS_GAMING/MONITORES;28055;10;10
Categories/GAMING/PERIFERICOS_GAMING/MONITORES;28056;10;10
Categories/GAMING/PERIFERICOS_GAMING/MONITORES;28058;10;10
Categories/GAMING/PERIFERICOS_GAMING/MONITORES;28106;10;10
Categories/GAMING/PERIFERICOS_GAMING/MONITORES;28497;10;10
Categories/GAMING/PERIFERICOS_GAMING/MONITORES;28865;10;10
Categories/GAMING/PERIFERICOS_GAMING/MONITORES;29081;10;10
Categories/GAMING/PERIFERICOS_GAMING/MONITORES;29087;10;10
Categories/GAMING/PERIFERICOS_GAMING/MONITORES;29224;10;10
Categories/GAMING/PERIFERICOS_GAMING/MONITORES;29240;10;10
Categories/GAMING/PERIFERICOS_GAMING/MONITORES;29241;10;10
Categories/GAMING/PERIFERICOS_GAMING/MONITORES;29242;10;10
Categories/GAMING/PERIFERICOS_GAMING/MONITORES;29382;10;10
Categories/GAMING/PERIFERICOS_GAMING/MONITORES;29392;10;10
Categories/GAMING/PERIFERICOS_GAMING/MONITORES;29627;10;10
Categories/GAMING/PERIFERICOS_GAMING/MONITORES;29628;10;10
Categories/GAMING/PERIFERICOS_GAMING/MONITORES;29679;10;10
Categories/GAMING/PERIFERICOS_GAMING/MONITORES;29769;10;10
Categories/GAMING/PERIFERICOS_GAMING/MONITORES;29921;10;10
Categories/GAMING/PERIFERICOS_GAMING/MONITORES;29950;10;10
Categories/GAMING/PERIFERICOS_GAMING/MONITORES;30100;10;10
Categories/GAMING/PERIFERICOS_GAMING/MONITORES;30153;10;10
Categories/GAMING/PERIFERICOS_GAMING/MONITORES;30178;10;10
Categories/GAMING/PERIFERICOS_GAMING/MONITORES;30391;10;10
Categories/GAMING/PERIFERICOS_GAMING/MONITORES;30394;10;10
Categories/GAMING/PERIFERICOS_GAMING/MONITORES;30395;10;10
Categories/GAMING/PERIFERICOS_GAMING/MONITORES;30538;10;10
Categories/GAMING/PERIFERICOS_GAMING/MONITORES;30540;10;10
Categories/GAMING/PERIFERICOS_GAMING/MONITORES;30807;10;10
Categories/GAMING/PERIFERICOS_GAMING/MONITORES;30808;10;10
Categories/GAMING/PERIFERICOS_GAMING/MONITORES;30812;10;10
Categories/GAMING/PERIFERICOS_GAMING/MONITORES;30954;10;10
Categories/GAMING/PERIFERICOS_GAMING/MONITORES;30955;10;10
Categories/GAMING/PERIFERICOS_GAMING/MONITORES;30956;10;10
Categories/GAMING/PERIFERICOS_GAMING/MONITORES;30957;10;10
Categories/GAMING/PERIFERICOS_GAMING/MONITORES;30994;10;10
Categories/GAMING/PERIFERICOS_GAMING/MONITORES;31033;10;10
Categories/GAMING/PERIFERICOS_GAMING/MONITORES;31034;10;10
Categories/GAMING/PERIFERICOS_GAMING/MONITORES;31035;10;10
Categories/GAMING/PERIFERICOS_GAMING/MONITORES;31131;10;10
Categories/GAMING/PERIFERICOS_GAMING/MONITORES;31134;10;10
Categories/GAMING/PERIFERICOS_GAMING/MONITORES;31135;10;10
Categories/GAMING/PERIFERICOS_GAMING/MONITORES;31136;10;10
Categories/GAMING/PERIFERICOS_GAMING/MONITORES;31137;10;10
Categories/GAMING/PERIFERICOS_GAMING/MONITORES;31285;10;10
Categories/GAMING/PERIFERICOS_GAMING/MONITORES;31286;10;10
Categories/GAMING/PERIFERICOS_GAMING/MONITORES;31287;10;10
Categories/GAMING/PERIFERICOS_GAMING/MONITORES;31288;10;10
Categories/GAMING/PERIFERICOS_GAMING/MONITORES;31289;10;10
Categories/GAMING/PERIFERICOS_GAMING/MONITORES;31290;10;10
Categories/GAMING/PERIFERICOS_GAMING/MONITORES;31324;10;10
Categories/GAMING/PERIFERICOS_GAMING/MONITORES;31334;10;10
Categories/GAMING/PERIFERICOS_GAMING/MONITORES;31335;10;10
Categories/GAMING/PERIFERICOS_GAMING/MONITORES;31336;10;10
Categories/GAMING/PERIFERICOS_GAMING/MONITORES;31337;10;10
Categories/GAMING/PERIFERICOS_GAMING/MONITORES;31348;10;10
Categories/GAMING/PERIFERICOS_GAMING/MONITORES;31352;10;10
Categories/GAMING/PERIFERICOS_GAMING/MONITORES;31422;10;10
Categories/GAMING/PERIFERICOS_GAMING/MONITORES;31423;10;10
Categories/GAMING/PERIFERICOS_GAMING/MONITORES;31478;10;10
Categories/GAMING/PERIFERICOS_GAMING/MONITORES;31510;10;10
Categories/GAMING/PERIFERICOS_GAMING/MONITORES;31547;10;10
Categories/GAMING/PERIFERICOS_GAMING/MONITORES;31548;10;10
Categories/GAMING/PERIFERICOS_GAMING/MONITORES;31549;10;10
Categories/GAMING/PERIFERICOS_GAMING/MONITORES;31779;10;10
Categories/GAMING/PERIFERICOS_GAMING/MONITORES;31838;10;10
Categories/GAMING/PERIFERICOS_GAMING/MONITORES;31923;10;10
Categories/GAMING/PERIFERICOS_GAMING/MONITORES;31946;10;10
Categories/GAMING/PERIFERICOS_GAMING/MONITORES;32016;10;10
Categories/GAMING/PERIFERICOS_GAMING/MONITORES;32017;10;10
Categories/GAMING/PERIFERICOS_GAMING/MONITORES;32019;10;10
Categories/GAMING/PERIFERICOS_GAMING/MONITORES;32021;10;10
Categories/GAMING/PERIFERICOS_GAMING/MONITORES;32022;10;10
Categories/GAMING/PERIFERICOS_GAMING/MONITORES;32196;10;10
Categories/GAMING/PERIFERICOS_GAMING/MONITORES;32197;10;10
Categories/GAMING/PERIFERICOS_GAMING/MONITORES;32201;10;10
Categories/GAMING/PERIFERICOS_GAMING/MONITORES;32202;10;10
Categories/GAMING/PERIFERICOS_GAMING/MONITORES;32327;10;10
Categories/GAMING/PERIFERICOS_GAMING/MONITORES;32433;10;10
Categories/GAMING/PERIFERICOS_GAMING/MONITORES;32514;10;10
Categories/GAMING/PERIFERICOS_GAMING/MONITORES;32528;10;10
Categories/GAMING/PERIFERICOS_GAMING/MONITORES;32529;10;10
Categories/GAMING/PERIFERICOS_GAMING/MONITORES;32530;10;10
Categories/GAMING/PERIFERICOS_GAMING/MONITORES;32554;10;10
Categories/GAMING/PERIFERICOS_GAMING/MONITORES;32555;10;10
Categories/GAMING/PERIFERICOS_GAMING/MONITORES;32557;10;10
Categories/GAMING/PERIFERICOS_GAMING/MONITORES;32674;10;10
Categories/GAMING/PERIFERICOS_GAMING/MONITORES;32675;10;10
Categories/GAMING/PERIFERICOS_GAMING/MONITORES;32676;10;10
Categories/GAMING/PERIFERICOS_GAMING/MONITORES;32766;10;10
Categories/GAMING/PERIFERICOS_GAMING/MONITORES;32899;10;10
Categories/GAMING/PERIFERICOS_GAMING/MONITORES;33143;10;10
Categories/GAMING/PERIFERICOS_GAMING/MONITORES;33203;10;10
Categories/GAMING/PERIFERICOS_GAMING/MONITORES;33210;10;10
Categories/GAMING/PERIFERICOS_GAMING/MONITORES;33222;10;10
Categories/GAMING/PERIFERICOS_GAMING/MONITORES;33223;10;10
Categories/GAMING/PERIFERICOS_GAMING/MONITORES;33224;10;10
Categories/GAMING/PERIFERICOS_GAMING/MONITORES;33267;10;10
Categories/GAMING/PERIFERICOS_GAMING/MONITORES;33268;10;10
Categories/GAMING/PERIFERICOS_GAMING/MONITORES;33341;10;10
Categories/GAMING/PERIFERICOS_GAMING/MONITORES;33342;10;10
Categories/GAMING/PERIFERICOS_GAMING/MONITORES;33370;10;10
Categories/GAMING/PERIFERICOS_GAMING/MONITORES;33392;10;10
Categories/GAMING/PERIFERICOS_GAMING/MONITORES;33413;10;10
Categories/GAMING/PERIFERICOS_GAMING/MONITORES;33414;10;10
Categories/GAMING/PERIFERICOS_GAMING/MONITORES;33415;10;10
Categories/GAMING/PERIFERICOS_GAMING/MONITORES;33440;10;10
Categories/GAMING/PERIFERICOS_GAMING/MONITORES;33533;10;10
Categories/GAMING/PERIFERICOS_GAMING/MONITORES;33592;10;10
Categories/GAMING/PERIFERICOS_GAMING/MONITORES;33593;10;10
Categories/GAMING/PERIFERICOS_GAMING/MONITORES;33623;10;10
Categories/GAMING/PERIFERICOS_GAMING/MONITORES;33635;10;10
Categories/GAMING/PERIFERICOS_GAMING/MONITORES;33636;10;10
Categories/GAMING/PERIFERICOS_GAMING/MONITORES;33637;10;10
Categories/GAMING/PERIFERICOS_GAMING/MONITORES;33638;10;10
Categories/GAMING/PERIFERICOS_GAMING/MONITORES;33722;10;10
Categories/GAMING/PERIFERICOS_GAMING/MONITORES;33975;10;10
Categories/GAMING/PERIFERICOS_GAMING/MONITORES;33976;10;10
Categories/GAMING/PERIFERICOS_GAMING/MONITORES;33977;10;10
Categories/GAMING/PERIFERICOS_GAMING/MONITORES;33978;10;10
Categories/GAMING/PERIFERICOS_GAMING/MONITORES;33979;10;10
Categories/GAMING/PERIFERICOS_GAMING/MONITORES;34010;10;10
Categories/GAMING/PERIFERICOS_GAMING/MONITORES;34012;10;10
Categories/GAMING/PERIFERICOS_GAMING/MONITORES;34013;10;10
Categories/GAMING/PERIFERICOS_GAMING/MONITORES;34014;10;10
Categories/GAMING/PERIFERICOS_GAMING/MONITORES;34016;10;10
Categories/GAMING/PERIFERICOS_GAMING/MONITORES;34017;10;10
Categories/GAMING/PERIFERICOS_GAMING/MONITORES;34154;10;10
Categories/GAMING/PERIFERICOS_GAMING/MONITORES;34269;10;10
Categories/GAMING/PERIFERICOS_GAMING/MONITORES;34275;10;10
Categories/GAMING/PERIFERICOS_GAMING/MONITORES;34276;10;10
Categories/GAMING/PERIFERICOS_GAMING/MONITORES;34278;10;10
Categories/GAMING/PERIFERICOS_GAMING/MONITORES;34280;10;10
Categories/GAMING/PERIFERICOS_GAMING/MONITORES;34308;10;10
Categories/GAMING/PERIFERICOS_GAMING/MONITORES;34309;10;10
Categories/GAMING/PERIFERICOS_GAMING/MONITORES;34310;10;10
Categories/GAMING/PERIFERICOS_GAMING/MONITORES;34372;10;10
Categories/GAMING/PERIFERICOS_GAMING/MONITORES;34510;10;10
Categories/GAMING/PERIFERICOS_GAMING/MONITORES;34560;10;10
Categories/GAMING/PERIFERICOS_GAMING/MONITORES;34561;10;10
Categories/GAMING/PERIFERICOS_GAMING/MONITORES;34787;10;10
Categories/GAMING/PERIFERICOS_GAMING/MONITORES;34788;10;10
Categories/GAMING/PERIFERICOS_GAMING/MONITORES;34947;10;10
Categories/GAMING/PERIFERICOS_GAMING/MONITORES;34948;10;10
Categories/GAMING/PERIFERICOS_GAMING/MONITORES;34949;10;10
Categories/GAMING/PERIFERICOS_GAMING/MONITORES;34950;10;10
Categories/GAMING/PERIFERICOS_GAMING/MONITORES;34951;10;10
Categories/GAMING/PERIFERICOS_GAMING/MONITORES;34953;10;10
Categories/GAMING/PERIFERICOS_GAMING/MONITORES;34956;10;10
Categories/GAMING/PERIFERICOS_GAMING/MONITORES;34957;10;10
Categories/GAMING/PERIFERICOS_GAMING/MONITORES;34958;10;10
Categories/GAMING/PERIFERICOS_GAMING/MONITORES;34959;10;10
Categories/GAMING/PERIFERICOS_GAMING/MONITORES;34960;10;10
Categories/GAMING/PERIFERICOS_GAMING/MONITORES;34961;10;10
Categories/GAMING/PERIFERICOS_GAMING/AURICULARES;15444;10;10
Categories/GAMING/PERIFERICOS_GAMING/AURICULARES;18968;10;10
Categories/GAMING/PERIFERICOS_GAMING/AURICULARES;19652;10;10
Categories/GAMING/PERIFERICOS_GAMING/AURICULARES;20587;10;10
Categories/GAMING/PERIFERICOS_GAMING/AURICULARES;21137;10;10
Categories/GAMING/PERIFERICOS_GAMING/AURICULARES;21996;10;10
Categories/GAMING/PERIFERICOS_GAMING/AURICULARES;22273;10;10
Categories/GAMING/PERIFERICOS_GAMING/AURICULARES;22506;10;10
Categories/GAMING/PERIFERICOS_GAMING/AURICULARES;22507;10;10
Categories/GAMING/PERIFERICOS_GAMING/AURICULARES;22509;10;10
Categories/GAMING/PERIFERICOS_GAMING/AURICULARES;22511;10;10
Categories/GAMING/PERIFERICOS_GAMING/AURICULARES;24141;10;10
Categories/GAMING/PERIFERICOS_GAMING/AURICULARES;24241;10;10
Categories/GAMING/PERIFERICOS_GAMING/AURICULARES;24296;10;10
Categories/GAMING/PERIFERICOS_GAMING/AURICULARES;24297;10;10
Categories/GAMING/PERIFERICOS_GAMING/AURICULARES;24613;10;10
Categories/GAMING/PERIFERICOS_GAMING/AURICULARES;24966;10;10
Categories/GAMING/PERIFERICOS_GAMING/AURICULARES;25129;10;10
Categories/GAMING/PERIFERICOS_GAMING/AURICULARES;25130;10;10
Categories/GAMING/PERIFERICOS_GAMING/AURICULARES;25288;10;10
Categories/GAMING/PERIFERICOS_GAMING/AURICULARES;25502;10;10
Categories/GAMING/PERIFERICOS_GAMING/AURICULARES;25503;10;10
Categories/GAMING/PERIFERICOS_GAMING/AURICULARES;25649;10;10
Categories/GAMING/PERIFERICOS_GAMING/AURICULARES;25667;10;10
Categories/GAMING/PERIFERICOS_GAMING/AURICULARES;26045;10;10
Categories/GAMING/PERIFERICOS_GAMING/AURICULARES;26054;10;10
Categories/GAMING/PERIFERICOS_GAMING/AURICULARES;26055;10;10
Categories/GAMING/PERIFERICOS_GAMING/AURICULARES;26056;10;10
Categories/GAMING/PERIFERICOS_GAMING/AURICULARES;26256;10;10
Categories/GAMING/PERIFERICOS_GAMING/AURICULARES;26652;10;10
Categories/GAMING/PERIFERICOS_GAMING/AURICULARES;26791;10;10
Categories/GAMING/PERIFERICOS_GAMING/AURICULARES;26838;10;10
Categories/GAMING/PERIFERICOS_GAMING/AURICULARES;26839;10;10
Categories/GAMING/PERIFERICOS_GAMING/AURICULARES;26840;10;10
Categories/GAMING/PERIFERICOS_GAMING/AURICULARES;27023;10;10
Categories/GAMING/PERIFERICOS_GAMING/AURICULARES;27362;10;10
Categories/GAMING/PERIFERICOS_GAMING/AURICULARES;27560;10;10
Categories/GAMING/PERIFERICOS_GAMING/AURICULARES;27561;10;10
Categories/GAMING/PERIFERICOS_GAMING/AURICULARES;27562;10;10
Categories/GAMING/PERIFERICOS_GAMING/AURICULARES;27564;10;10
Categories/GAMING/PERIFERICOS_GAMING/AURICULARES;27565;10;10
Categories/GAMING/PERIFERICOS_GAMING/AURICULARES;27614;10;10
Categories/GAMING/PERIFERICOS_GAMING/AURICULARES;27709;10;10
Categories/GAMING/PERIFERICOS_GAMING/AURICULARES;27710;10;10
Categories/GAMING/PERIFERICOS_GAMING/AURICULARES;27788;10;10
Categories/GAMING/PERIFERICOS_GAMING/AURICULARES;28195;10;10
Categories/GAMING/PERIFERICOS_GAMING/AURICULARES;28196;10;10
Categories/GAMING/PERIFERICOS_GAMING/AURICULARES;28197;10;10
Categories/GAMING/PERIFERICOS_GAMING/AURICULARES;28198;10;10
Categories/GAMING/PERIFERICOS_GAMING/AURICULARES;28199;10;10
Categories/GAMING/PERIFERICOS_GAMING/AURICULARES;28200;10;10
Categories/GAMING/PERIFERICOS_GAMING/AURICULARES;28201;10;10
Categories/GAMING/PERIFERICOS_GAMING/AURICULARES;28202;10;10
Categories/GAMING/PERIFERICOS_GAMING/AURICULARES;28203;10;10
Categories/GAMING/PERIFERICOS_GAMING/AURICULARES;28286;10;10
Categories/GAMING/PERIFERICOS_GAMING/AURICULARES;28287;10;10
Categories/GAMING/PERIFERICOS_GAMING/AURICULARES;28288;10;10
Categories/GAMING/PERIFERICOS_GAMING/AURICULARES;28290;10;10
Categories/GAMING/PERIFERICOS_GAMING/AURICULARES;28291;10;10
Categories/GAMING/PERIFERICOS_GAMING/AURICULARES;28403;10;10
Categories/GAMING/PERIFERICOS_GAMING/AURICULARES;28475;10;10
Categories/GAMING/PERIFERICOS_GAMING/AURICULARES;29010;10;10
Categories/GAMING/PERIFERICOS_GAMING/AURICULARES;29239;10;10
Categories/GAMING/PERIFERICOS_GAMING/AURICULARES;29694;10;10
Categories/GAMING/PERIFERICOS_GAMING/AURICULARES;29722;10;10
Categories/GAMING/PERIFERICOS_GAMING/AURICULARES;29929;10;10
Categories/GAMING/PERIFERICOS_GAMING/AURICULARES;29930;10;10
Categories/GAMING/PERIFERICOS_GAMING/AURICULARES;29931;10;10
Categories/GAMING/PERIFERICOS_GAMING/AURICULARES;29959;10;10
Categories/GAMING/PERIFERICOS_GAMING/AURICULARES;29962;10;10
Categories/GAMING/PERIFERICOS_GAMING/AURICULARES;29969;10;10
Categories/GAMING/PERIFERICOS_GAMING/AURICULARES;30151;10;10
Categories/GAMING/PERIFERICOS_GAMING/AURICULARES;30320;10;10
Categories/GAMING/PERIFERICOS_GAMING/AURICULARES;30336;10;10
Categories/GAMING/PERIFERICOS_GAMING/AURICULARES;30338;10;10
Categories/GAMING/PERIFERICOS_GAMING/AURICULARES;30339;10;10
Categories/GAMING/PERIFERICOS_GAMING/AURICULARES;30362;10;10
Categories/GAMING/PERIFERICOS_GAMING/AURICULARES;30455;10;10
Categories/GAMING/PERIFERICOS_GAMING/AURICULARES;30552;10;10
Categories/GAMING/PERIFERICOS_GAMING/AURICULARES;30554;10;10
Categories/GAMING/PERIFERICOS_GAMING/AURICULARES;30555;10;10
Categories/GAMING/PERIFERICOS_GAMING/AURICULARES;30556;10;10
Categories/GAMING/PERIFERICOS_GAMING/AURICULARES;30561;10;10
Categories/GAMING/PERIFERICOS_GAMING/AURICULARES;30562;10;10
Categories/GAMING/PERIFERICOS_GAMING/AURICULARES;30563;10;10
Categories/GAMING/PERIFERICOS_GAMING/AURICULARES;30564;10;10
Categories/GAMING/PERIFERICOS_GAMING/AURICULARES;30567;10;10
Categories/GAMING/PERIFERICOS_GAMING/AURICULARES;30574;10;10
Categories/GAMING/PERIFERICOS_GAMING/AURICULARES;30628;10;10
Categories/GAMING/PERIFERICOS_GAMING/AURICULARES;30801;10;10
Categories/GAMING/PERIFERICOS_GAMING/AURICULARES;30855;10;10
Categories/GAMING/PERIFERICOS_GAMING/AURICULARES;30856;10;10
Categories/GAMING/PERIFERICOS_GAMING/AURICULARES;30860;10;10
Categories/GAMING/PERIFERICOS_GAMING/AURICULARES;30861;10;10
Categories/GAMING/PERIFERICOS_GAMING/AURICULARES;30862;10;10
Categories/GAMING/PERIFERICOS_GAMING/AURICULARES;30880;10;10
Categories/GAMING/PERIFERICOS_GAMING/AURICULARES;30929;10;10
Categories/GAMING/PERIFERICOS_GAMING/AURICULARES;30965;10;10
Categories/GAMING/PERIFERICOS_GAMING/AURICULARES;30966;10;10
Categories/GAMING/PERIFERICOS_GAMING/AURICULARES;30967;10;10
Categories/GAMING/PERIFERICOS_GAMING/AURICULARES;31042;10;10
Categories/GAMING/PERIFERICOS_GAMING/AURICULARES;31043;10;10
Categories/GAMING/PERIFERICOS_GAMING/AURICULARES;31074;10;10
Categories/GAMING/PERIFERICOS_GAMING/AURICULARES;31196;10;10
Categories/GAMING/PERIFERICOS_GAMING/AURICULARES;31245;10;10
Categories/GAMING/PERIFERICOS_GAMING/AURICULARES;31294;10;10
Categories/GAMING/PERIFERICOS_GAMING/AURICULARES;31331;10;10
Categories/GAMING/PERIFERICOS_GAMING/AURICULARES;31403;10;10
Categories/GAMING/PERIFERICOS_GAMING/AURICULARES;31503;10;10
Categories/GAMING/PERIFERICOS_GAMING/AURICULARES;31550;10;10
Categories/GAMING/PERIFERICOS_GAMING/AURICULARES;31554;10;10
Categories/GAMING/PERIFERICOS_GAMING/AURICULARES;31556;10;10
Categories/GAMING/PERIFERICOS_GAMING/AURICULARES;31557;10;10
Categories/GAMING/PERIFERICOS_GAMING/AURICULARES;31563;10;10
Categories/GAMING/PERIFERICOS_GAMING/AURICULARES;31852;10;10
Categories/GAMING/PERIFERICOS_GAMING/AURICULARES;31853;10;10
Categories/GAMING/PERIFERICOS_GAMING/AURICULARES;31856;10;10
Categories/GAMING/PERIFERICOS_GAMING/AURICULARES;31858;10;10
Categories/GAMING/PERIFERICOS_GAMING/AURICULARES;31859;10;10
Categories/GAMING/PERIFERICOS_GAMING/AURICULARES;31860;10;10
Categories/GAMING/PERIFERICOS_GAMING/AURICULARES;31891;10;10
Categories/GAMING/PERIFERICOS_GAMING/AURICULARES;31892;10;10
Categories/GAMING/PERIFERICOS_GAMING/AURICULARES;31938;10;10
Categories/GAMING/PERIFERICOS_GAMING/AURICULARES;31939;10;10
Categories/GAMING/PERIFERICOS_GAMING/AURICULARES;31956;10;10
Categories/GAMING/PERIFERICOS_GAMING/AURICULARES;31963;10;10
Categories/GAMING/PERIFERICOS_GAMING/AURICULARES;31964;10;10
Categories/GAMING/PERIFERICOS_GAMING/AURICULARES;31966;10;10
Categories/GAMING/PERIFERICOS_GAMING/AURICULARES;32102;10;10
Categories/GAMING/PERIFERICOS_GAMING/AURICULARES;32178;10;10
Categories/GAMING/PERIFERICOS_GAMING/AURICULARES;32179;10;10
Categories/GAMING/PERIFERICOS_GAMING/AURICULARES;32180;10;10
Categories/GAMING/PERIFERICOS_GAMING/AURICULARES;32181;10;10
Categories/GAMING/PERIFERICOS_GAMING/AURICULARES;32182;10;10
Categories/GAMING/PERIFERICOS_GAMING/AURICULARES;32256;10;10
Categories/GAMING/PERIFERICOS_GAMING/AURICULARES;32257;10;10
Categories/GAMING/PERIFERICOS_GAMING/AURICULARES;32258;10;10
Categories/GAMING/PERIFERICOS_GAMING/AURICULARES;32285;10;10
Categories/GAMING/PERIFERICOS_GAMING/AURICULARES;32286;10;10
Categories/GAMING/PERIFERICOS_GAMING/AURICULARES;32287;10;10
Categories/GAMING/PERIFERICOS_GAMING/AURICULARES;32392;10;10
Categories/GAMING/PERIFERICOS_GAMING/AURICULARES;32447;10;10
Categories/GAMING/PERIFERICOS_GAMING/AURICULARES;32448;10;10
Categories/GAMING/PERIFERICOS_GAMING/AURICULARES;32449;10;10
Categories/GAMING/PERIFERICOS_GAMING/AURICULARES;32450;10;10
Categories/GAMING/PERIFERICOS_GAMING/AURICULARES;32451;10;10
Categories/GAMING/PERIFERICOS_GAMING/AURICULARES;32452;10;10
Categories/GAMING/PERIFERICOS_GAMING/AURICULARES;32453;10;10
Categories/GAMING/PERIFERICOS_GAMING/AURICULARES;32604;10;10
Categories/GAMING/PERIFERICOS_GAMING/AURICULARES;32737;10;10
Categories/GAMING/PERIFERICOS_GAMING/AURICULARES;32813;10;10
Categories/GAMING/PERIFERICOS_GAMING/AURICULARES;32814;10;10
Categories/GAMING/PERIFERICOS_GAMING/AURICULARES;32876;10;10
Categories/GAMING/PERIFERICOS_GAMING/AURICULARES;32877;10;10
Categories/GAMING/PERIFERICOS_GAMING/AURICULARES;33162;10;10
Categories/GAMING/PERIFERICOS_GAMING/AURICULARES;33305;10;10
Categories/GAMING/PERIFERICOS_GAMING/AURICULARES;33313;10;10
Categories/GAMING/PERIFERICOS_GAMING/AURICULARES;33317;10;10
Categories/GAMING/PERIFERICOS_GAMING/AURICULARES;33319;10;10
Categories/GAMING/PERIFERICOS_GAMING/AURICULARES;33320;10;10
Categories/GAMING/PERIFERICOS_GAMING/AURICULARES;33321;10;10
Categories/GAMING/PERIFERICOS_GAMING/AURICULARES;33322;10;10
Categories/GAMING/PERIFERICOS_GAMING/AURICULARES;33378;10;10
Categories/GAMING/PERIFERICOS_GAMING/AURICULARES;33460;10;10
Categories/GAMING/PERIFERICOS_GAMING/AURICULARES;33463;10;10
Categories/GAMING/PERIFERICOS_GAMING/AURICULARES;33464;10;10
Categories/GAMING/PERIFERICOS_GAMING/AURICULARES;33468;10;10
Categories/GAMING/PERIFERICOS_GAMING/AURICULARES;33469;10;10
Categories/GAMING/PERIFERICOS_GAMING/AURICULARES;33470;10;10
Categories/GAMING/PERIFERICOS_GAMING/AURICULARES;33472;10;10
Categories/GAMING/PERIFERICOS_GAMING/AURICULARES;33473;10;10
Categories/GAMING/PERIFERICOS_GAMING/AURICULARES;33527;10;10
Categories/GAMING/PERIFERICOS_GAMING/AURICULARES;33604;10;10
Categories/GAMING/PERIFERICOS_GAMING/AURICULARES;33943;10;10
Categories/GAMING/PERIFERICOS_GAMING/AURICULARES;34159;10;10
Categories/GAMING/PERIFERICOS_GAMING/AURICULARES;34160;10;10
Categories/GAMING/PERIFERICOS_GAMING/AURICULARES;34161;10;10
Categories/GAMING/PERIFERICOS_GAMING/AURICULARES;34162;10;10
Categories/GAMING/PERIFERICOS_GAMING/AURICULARES;34163;10;10
Categories/GAMING/PERIFERICOS_GAMING/AURICULARES;34235;10;10
Categories/GAMING/PERIFERICOS_GAMING/AURICULARES;34246;10;10
Categories/GAMING/PERIFERICOS_GAMING/AURICULARES;34250;10;10
Categories/GAMING/PERIFERICOS_GAMING/AURICULARES;34259;10;10
Categories/GAMING/PERIFERICOS_GAMING/AURICULARES;34266;10;10
Categories/GAMING/PERIFERICOS_GAMING/AURICULARES;34282;10;10
Categories/GAMING/PERIFERICOS_GAMING/AURICULARES;34283;10;10
Categories/GAMING/PERIFERICOS_GAMING/AURICULARES;34284;10;10
Categories/GAMING/PERIFERICOS_GAMING/AURICULARES;34285;10;10
Categories/GAMING/PERIFERICOS_GAMING/AURICULARES;34286;10;10
Categories/GAMING/PERIFERICOS_GAMING/AURICULARES;34327;10;10
Categories/GAMING/PERIFERICOS_GAMING/AURICULARES;34328;10;10
Categories/GAMING/PERIFERICOS_GAMING/AURICULARES;34329;10;10
Categories/GAMING/PERIFERICOS_GAMING/AURICULARES;34330;10;10
Categories/GAMING/PERIFERICOS_GAMING/AURICULARES;34342;10;10
Categories/GAMING/PERIFERICOS_GAMING/AURICULARES;34343;10;10
Categories/GAMING/PERIFERICOS_GAMING/AURICULARES;34344;10;10
Categories/GAMING/PERIFERICOS_GAMING/AURICULARES;34641;10;10
Categories/GAMING/PERIFERICOS_GAMING/AURICULARES;34642;10;10
Categories/GAMING/PERIFERICOS_GAMING/AURICULARES;34658;10;10
Categories/GAMING/PERIFERICOS_GAMING/AURICULARES;34659;10;10
Categories/GAMING/PERIFERICOS_GAMING/AURICULARES;34660;10;10
Categories/GAMING/PERIFERICOS_GAMING/AURICULARES;34661;10;10
Categories/GAMING/PERIFERICOS_GAMING/AURICULARES;34662;10;10
Categories/GAMING/PERIFERICOS_GAMING/AURICULARES;34663;10;10
Categories/GAMING/PERIFERICOS_GAMING/AURICULARES;34664;10;10
Categories/GAMING/PERIFERICOS_GAMING/AURICULARES;34732;10;10
Categories/GAMING/PERIFERICOS_GAMING/AURICULARES;34733;10;10
Categories/GAMING/PERIFERICOS_GAMING/ALFOMBRILLAS;11463;10;10
Categories/GAMING/PERIFERICOS_GAMING/ALFOMBRILLAS;14045;10;10
Categories/GAMING/PERIFERICOS_GAMING/ALFOMBRILLAS;14046;10;10
Categories/GAMING/PERIFERICOS_GAMING/ALFOMBRILLAS;14047;10;10
Categories/GAMING/PERIFERICOS_GAMING/ALFOMBRILLAS;14048;10;10
Categories/GAMING/PERIFERICOS_GAMING/ALFOMBRILLAS;16659;10;10
Categories/GAMING/PERIFERICOS_GAMING/ALFOMBRILLAS;21665;10;10
Categories/GAMING/PERIFERICOS_GAMING/ALFOMBRILLAS;22516;10;10
Categories/GAMING/PERIFERICOS_GAMING/ALFOMBRILLAS;22600;10;10
Categories/GAMING/PERIFERICOS_GAMING/ALFOMBRILLAS;22602;10;10
Categories/GAMING/PERIFERICOS_GAMING/ALFOMBRILLAS;23006;10;10
Categories/GAMING/PERIFERICOS_GAMING/ALFOMBRILLAS;28422;10;10
Categories/GAMING/PERIFERICOS_GAMING/ALFOMBRILLAS;28424;10;10
Categories/GAMING/PERIFERICOS_GAMING/ALFOMBRILLAS;29015;10;10
Categories/GAMING/PERIFERICOS_GAMING/ALFOMBRILLAS;29161;10;10
Categories/GAMING/PERIFERICOS_GAMING/ALFOMBRILLAS;29162;10;10
Categories/GAMING/PERIFERICOS_GAMING/ALFOMBRILLAS;29163;10;10
Categories/GAMING/PERIFERICOS_GAMING/ALFOMBRILLAS;29932;10;10
Categories/GAMING/PERIFERICOS_GAMING/ALFOMBRILLAS;30040;10;10
Categories/GAMING/PERIFERICOS_GAMING/ALFOMBRILLAS;30041;10;10
Categories/GAMING/PERIFERICOS_GAMING/ALFOMBRILLAS;30042;10;10
Categories/GAMING/PERIFERICOS_GAMING/ALFOMBRILLAS;30043;10;10
Categories/GAMING/PERIFERICOS_GAMING/ALFOMBRILLAS;30072;10;10
Categories/GAMING/PERIFERICOS_GAMING/ALFOMBRILLAS;30203;10;10
Categories/GAMING/PERIFERICOS_GAMING/ALFOMBRILLAS;30942;10;10
Categories/GAMING/PERIFERICOS_GAMING/ALFOMBRILLAS;31127;10;10
Categories/GAMING/PERIFERICOS_GAMING/ALFOMBRILLAS;31555;10;10
Categories/GAMING/PERIFERICOS_GAMING/ALFOMBRILLAS;31937;10;10
Categories/GAMING/PERIFERICOS_GAMING/ALFOMBRILLAS;32262;10;10
Categories/GAMING/PERIFERICOS_GAMING/ALFOMBRILLAS;32263;10;10
Categories/GAMING/PERIFERICOS_GAMING/ALFOMBRILLAS;32682;10;10
Categories/GAMING/PERIFERICOS_GAMING/ALFOMBRILLAS;32683;10;10
Categories/GAMING/PERIFERICOS_GAMING/ALFOMBRILLAS;32763;10;10
Categories/GAMING/PERIFERICOS_GAMING/ALFOMBRILLAS;32764;10;10
Categories/GAMING/PERIFERICOS_GAMING/ALFOMBRILLAS;32765;10;10
Categories/GAMING/PERIFERICOS_GAMING/ALFOMBRILLAS;33176;10;10
Categories/GAMING/PERIFERICOS_GAMING/ALFOMBRILLAS;33177;10;10
Categories/GAMING/PERIFERICOS_GAMING/ALFOMBRILLAS;34026;10;10
Categories/GAMING/PERIFERICOS_GAMING/ALFOMBRILLAS;34027;10;10
Categories/GAMING/PERIFERICOS_GAMING/ALFOMBRILLAS;34257;10;10
Categories/GAMING/PERIFERICOS_GAMING/ALFOMBRILLAS;34287;10;10
Categories/GAMING/PERIFERICOS_GAMING/ALFOMBRILLAS;34288;10;10
Categories/GAMING/PERIFERICOS_GAMING/ALFOMBRILLAS;34739;10;10
Categories/GAMING/PERIFERICOS_GAMING/ALFOMBRILLAS;34740;10;10
Categories/GAMING/PERIFERICOS_GAMING/SILLAS_GAMING;27746;10;10
Categories/GAMING/PERIFERICOS_GAMING/SILLAS_GAMING;27747;10;10
Categories/GAMING/PERIFERICOS_GAMING/SILLAS_GAMING;27748;10;10
Categories/GAMING/PERIFERICOS_GAMING/SILLAS_GAMING;27749;10;10
Categories/GAMING/PERIFERICOS_GAMING/SILLAS_GAMING;27750;10;10
Categories/GAMING/PERIFERICOS_GAMING/SILLAS_GAMING;27751;10;10
Categories/GAMING/PERIFERICOS_GAMING/SILLAS_GAMING;27752;10;10
Categories/GAMING/PERIFERICOS_GAMING/SILLAS_GAMING;27753;10;10
Categories/GAMING/PERIFERICOS_GAMING/SILLAS_GAMING;27968;10;10
Categories/GAMING/PERIFERICOS_GAMING/SILLAS_GAMING;28873;10;10
Categories/GAMING/PERIFERICOS_GAMING/SILLAS_GAMING;30609;10;10
Categories/GAMING/PERIFERICOS_GAMING/SILLAS_GAMING;30610;10;10
Categories/GAMING/PERIFERICOS_GAMING/SILLAS_GAMING;30611;10;10
Categories/GAMING/PERIFERICOS_GAMING/SILLAS_GAMING;30612;10;10
Categories/GAMING/PERIFERICOS_GAMING/SILLAS_GAMING;30613;10;10
Categories/GAMING/PERIFERICOS_GAMING/SILLAS_GAMING;30614;10;10
Categories/GAMING/PERIFERICOS_GAMING/SILLAS_GAMING;30615;10;10
Categories/GAMING/PERIFERICOS_GAMING/SILLAS_GAMING;30616;10;10
Categories/GAMING/PERIFERICOS_GAMING/SILLAS_GAMING;30617;10;10
Categories/GAMING/PERIFERICOS_GAMING/SILLAS_GAMING;30620;10;10
Categories/GAMING/PERIFERICOS_GAMING/SILLAS_GAMING;30624;10;10
Categories/GAMING/PERIFERICOS_GAMING/SILLAS_GAMING;30667;10;10
Categories/GAMING/PERIFERICOS_GAMING/SILLAS_GAMING;30668;10;10
Categories/GAMING/PERIFERICOS_GAMING/SILLAS_GAMING;30670;10;10
Categories/GAMING/PERIFERICOS_GAMING/SILLAS_GAMING;30671;10;10
Categories/GAMING/PERIFERICOS_GAMING/SILLAS_GAMING;30672;10;10
Categories/GAMING/PERIFERICOS_GAMING/SILLAS_GAMING;30673;10;10
Categories/GAMING/PERIFERICOS_GAMING/SILLAS_GAMING;30674;10;10
Categories/GAMING/PERIFERICOS_GAMING/SILLAS_GAMING;30675;10;10
Categories/GAMING/PERIFERICOS_GAMING/SILLAS_GAMING;31107;10;10
Categories/GAMING/PERIFERICOS_GAMING/SILLAS_GAMING;31244;10;10
Categories/GAMING/PERIFERICOS_GAMING/SILLAS_GAMING;32541;10;10
Categories/GAMING/PERIFERICOS_GAMING/SILLAS_GAMING;32542;10;10
Categories/GAMING/PERIFERICOS_GAMING/SILLAS_GAMING;32543;10;10
Categories/GAMING/PERIFERICOS_GAMING/SILLAS_GAMING;32637;10;10
Categories/GAMING/PERIFERICOS_GAMING/SILLAS_GAMING;32638;10;10
Categories/GAMING/PERIFERICOS_GAMING/SILLAS_GAMING;32639;10;10
Categories/GAMING/PERIFERICOS_GAMING/SILLAS_GAMING;32640;10;10
Categories/GAMING/PERIFERICOS_GAMING/SILLAS_GAMING;32641;10;10
Categories/GAMING/PERIFERICOS_GAMING/SILLAS_GAMING;32642;10;10
Categories/GAMING/PERIFERICOS_GAMING/SILLAS_GAMING;32643;10;10
Categories/GAMING/PERIFERICOS_GAMING/SILLAS_GAMING;32644;10;10
Categories/GAMING/PERIFERICOS_GAMING/SILLAS_GAMING;32645;10;10
Categories/GAMING/PERIFERICOS_GAMING/SILLAS_GAMING;32646;10;10
Categories/GAMING/PERIFERICOS_GAMING/SILLAS_GAMING;32647;10;10
Categories/GAMING/PERIFERICOS_GAMING/SILLAS_GAMING;32648;10;10
Categories/GAMING/PERIFERICOS_GAMING/SILLAS_GAMING;32649;10;10
Categories/GAMING/PERIFERICOS_GAMING/SILLAS_GAMING;32860;10;10
Categories/GAMING/PERIFERICOS_GAMING/SILLAS_GAMING;32861;10;10
Categories/GAMING/PERIFERICOS_GAMING/SILLAS_GAMING;32863;10;10
Categories/GAMING/PERIFERICOS_GAMING/SILLAS_GAMING;32864;10;10
Categories/GAMING/PERIFERICOS_GAMING/SILLAS_GAMING;32867;10;10
Categories/GAMING/PERIFERICOS_GAMING/SILLAS_GAMING;32868;10;10
Categories/GAMING/PERIFERICOS_GAMING/SILLAS_GAMING;32869;10;10
Categories/GAMING/PERIFERICOS_GAMING/SILLAS_GAMING;33344;10;10
Categories/GAMING/PERIFERICOS_GAMING/SILLAS_GAMING;33345;10;10
Categories/GAMING/PERIFERICOS_GAMING/SILLAS_GAMING;33346;10;10
Categories/GAMING/PERIFERICOS_GAMING/SILLAS_GAMING;33347;10;10
Categories/GAMING/PERIFERICOS_GAMING/SILLAS_GAMING;33348;10;10
Categories/GAMING/PERIFERICOS_GAMING/SILLAS_GAMING;33351;10;10
Categories/GAMING/PERIFERICOS_GAMING/SILLAS_GAMING;33352;10;10
Categories/GAMING/PERIFERICOS_GAMING/SILLAS_GAMING;33353;10;10
Categories/GAMING/PERIFERICOS_GAMING/SILLAS_GAMING;33355;10;10
Categories/GAMING/PERIFERICOS_GAMING/SILLAS_GAMING;33357;10;10
Categories/GAMING/PERIFERICOS_GAMING/SILLAS_GAMING;33914;10;10
Categories/GAMING/PERIFERICOS_GAMING/SILLAS_GAMING;33915;10;10
Categories/GAMING/PERIFERICOS_GAMING/SILLAS_GAMING;33916;10;10
Categories/GAMING/PERIFERICOS_GAMING/SILLAS_GAMING;33917;10;10
Categories/GAMING/PERIFERICOS_GAMING/SILLAS_GAMING;33923;10;10
Categories/GAMING/PERIFERICOS_GAMING/SILLAS_GAMING;33924;10;10
Categories/GAMING/PERIFERICOS_GAMING/SILLAS_GAMING;33925;10;10
Categories/GAMING/PERIFERICOS_GAMING/SILLAS_GAMING;33926;10;10
Categories/GAMING/PERIFERICOS_GAMING/SILLAS_GAMING;34742;10;10
Categories/GAMING/PERIFERICOS_GAMING/SILLAS_GAMING;34743;10;10
